"","parID","Gender","BirthYear","BFI2_01","BFI2_02","BFI2_03_o","BFI2_04_o","BFI2_05_o","BFI2_06","BFI2_07","BFI2_08_o","BFI2_09_o","BFI2_10","BFI2_11_o","BFI2_12_o","BFI2_13","BFI2_14","BFI2_15","BFI2_16_o","BFI2_17_o","BFI2_18","BFI2_19","BFI2_20","BFI2_21","BFI2_22_o","BFI2_23_o","BFI2_24_o","BFI2_25_o","BFI2_26_o","BFI2_27","BFI2_28_o","BFI2_29_o","BFI2_30_o","BFI2_31_o","BFI2_32","BFI2_33","BFI2_34","BFI2_35","BFI2_36_o","BFI2_37_o","BFI2_38","BFI2_39","BFI2_40","BFI2_41","BFI2_42_o","BFI2_43","BFI2_44_o","BFI2_45_o","BFI2_46","BFI2_47_o","BFI2_48_o","BFI2_49_o","BFI2_50_o","BFI2_51_o","BFI2_52","BFI2_53","BFI2_54","BFI2_55_o","BFI2_56","BFI2_57","BFI2_58_o","BFI2_59","BFI2_60","BFI2_03_r","BFI2_04_r","BFI2_05_r","BFI2_08_r","BFI2_09_r","BFI2_11_r","BFI2_12_r","BFI2_16_r","BFI2_17_r","BFI2_22_r","BFI2_23_r","BFI2_24_r","BFI2_25_r","BFI2_26_r","BFI2_28_r","BFI2_29_r","BFI2_30_r","BFI2_31_r","BFI2_36_r","BFI2_37_r","BFI2_42_r","BFI2_44_r","BFI2_45_r","BFI2_47_r","BFI2_48_r","BFI2_49_r","BFI2_50_r","BFI2_51_r","BFI2_55_r","BFI2_58_r"
"1",1,"Female",1998,4,5,4,1,2,4,4,4,5,4,2,3,3,5,4,1,5,3,5,4,4,4,4,2,1,1,5,2,1,2,4,2,2,5,4,2,3,2,4,5,5,4,3,1,2,4,3,4,1,2,2,4,5,4,1,5,4,4,5,4,2,5,4,2,1,4,3,5,1,2,2,4,5,5,4,5,4,2,4,3,2,5,4,3,2,5,4,4,5,2
"2",2,"Female",1998,4,3,2,2,1,2,4,2,2,5,1,2,5,4,5,2,2,5,4,5,4,2,4,4,2,2,2,4,4,1,4,2,5,4,4,2,3,4,4,5,4,3,5,3,1,4,3,1,1,2,3,5,4,4,1,4,4,3,4,4,4,4,5,4,4,5,4,4,4,4,2,2,4,4,2,2,5,2,4,3,3,3,5,3,5,5,4,3,5,3
"3",3,"Male",1999,5,4,2,4,1,4,4,1,5,5,2,3,4,1,5,3,5,4,3,5,4,2,2,5,1,1,4,3,4,2,4,4,4,1,5,1,3,4,1,5,5,3,5,4,2,5,1,1,1,2,3,4,4,1,2,4,4,3,1,4,4,2,5,5,1,4,3,3,1,4,4,1,5,5,3,2,4,2,5,3,3,2,4,5,5,5,4,3,4,3
"4",4,"Male",1998,3,5,2,2,4,4,5,2,4,4,1,1,4,4,3,4,2,5,4,4,5,1,4,2,4,2,5,2,3,2,5,5,5,4,3,2,4,4,3,5,2,1,4,4,2,2,1,1,2,5,3,5,4,1,2,2,4,4,5,2,4,4,2,4,2,5,5,2,4,5,2,4,2,4,4,3,4,1,4,2,5,2,4,5,5,4,1,3,4,2
"5",6,"Female",1998,5,4,2,5,1,1,5,4,4,4,1,1,5,1,4,1,1,2,4,5,2,1,4,2,4,1,5,4,4,5,5,5,2,5,5,4,2,4,4,2,5,1,5,4,1,5,1,2,1,2,3,5,5,2,2,5,5,4,1,3,4,1,5,2,2,5,5,5,5,5,2,4,2,5,2,2,1,1,2,4,5,2,5,5,4,5,4,3,4,2
"6",7,"Female",1998,4,4,4,2,4,3,4,5,4,4,2,4,3,4,3,3,5,2,4,3,2,3,4,4,5,3,4,5,2,2,4,4,1,4,3,3,4,3,3,4,4,5,5,2,2,4,4,5,4,3,4,4,2,3,3,3,4,4,5,2,2,4,2,1,2,4,2,3,1,3,2,2,1,3,1,4,4,2,3,2,1,4,4,2,1,2,3,2,3,2
"7",8,"Female",1998,4,5,2,4,3,4,5,4,3,4,1,2,4,4,3,2,5,4,4,4,2,4,5,3,2,4,4,2,4,2,3,4,2,4,4,3,4,2,3,4,4,5,5,4,1,5,2,3,1,2,2,4,2,3,3,4,4,4,4,2,4,2,3,2,3,5,4,4,1,2,1,3,4,2,4,2,4,3,3,2,1,2,5,4,3,5,4,4,3,2
"8",9,"Male",1997,4,4,4,4,1,4,4,4,4,5,2,4,5,4,5,1,2,4,2,5,4,4,4,4,1,4,5,4,4,1,4,4,2,4,5,1,4,3,4,4,5,4,5,4,2,4,4,1,2,1,5,5,2,2,4,4,4,4,4,4,2,2,5,2,2,4,2,5,4,2,2,2,5,2,2,2,5,2,5,2,2,2,4,2,5,4,5,1,2,2
"9",10,"Male",1998,5,5,2,5,2,4,5,4,5,5,2,2,2,4,4,2,1,2,3,5,5,1,5,5,1,1,5,5,4,1,3,5,2,2,5,1,2,5,4,5,4,4,5,5,1,5,1,2,4,2,1,2,5,4,1,5,5,4,2,4,4,1,4,2,1,4,4,4,5,5,1,1,5,5,1,2,5,3,5,4,2,1,5,5,4,2,4,5,5,2
"10",12,"Female",1993,2,5,5,1,3,2,5,5,2,5,2,4,5,5,3,5,1,5,5,5,5,4,5,4,1,1,4,4,1,3,5,5,2,5,4,2,4,3,5,5,4,4,5,1,3,3,4,5,1,4,2,5,5,5,2,5,4,4,5,4,1,5,3,1,4,4,2,1,5,2,1,2,5,5,2,5,3,1,4,2,2,5,3,2,1,5,2,4,4,2
"11",13,"Female",1999,3,4,2,3,3,2,4,4,3,3,3,2,3,3,3,5,3,4,4,4,2,1,3,3,3,4,4,3,3,3,5,4,4,4,3,4,3,4,3,3,2,2,4,3,3,2,2,2,3,3,4,4,3,3,4,3,3,2,3,3,4,3,3,2,3,3,4,1,3,5,3,3,3,2,3,3,3,1,2,3,4,3,3,4,4,3,3,2,2,4
"12",14,"Male",1998,4,3,3,2,2,4,3,4,3,5,4,4,3,2,4,2,2,3,4,5,3,4,4,4,1,2,4,2,4,1,4,4,3,4,5,2,4,3,2,4,4,2,3,4,2,4,2,2,2,2,4,3,2,2,2,4,4,2,3,4,3,4,4,2,3,2,2,4,4,2,2,2,5,4,4,2,5,2,4,2,4,2,4,4,4,4,4,2,4,4
"13",15,"Male",1999,4,4,4,5,3,2,4,4,4,4,3,4,3,2,3,3,5,3,4,4,3,2,4,4,2,2,3,4,4,4,4,4,2,2,4,3,4,2,2,3,3,4,3,3,4,3,2,3,4,4,2,5,2,2,3,2,4,4,2,2,2,1,3,2,2,3,2,3,1,4,2,2,4,4,2,2,2,2,3,2,2,3,2,4,3,2,2,4,3,2
"14",16,"Male",1998,3,4,2,3,1,3,3,3,4,5,2,2,4,5,5,3,2,2,4,5,5,3,4,3,2,1,3,2,3,2,4,5,3,4,5,2,4,4,2,5,3,5,5,2,1,4,3,1,2,1,3,3,5,3,1,3,3,4,4,5,4,3,5,3,2,4,4,3,4,3,2,3,4,5,4,3,4,2,4,2,1,4,5,3,5,4,5,3,5,2
"15",17,"Female",1996,5,5,2,5,3,4,5,4,4,4,1,4,4,4,5,1,3,2,2,3,3,4,4,5,2,3,5,5,3,2,1,4,2,5,4,2,4,4,3,3,5,4,4,3,2,5,3,2,2,2,3,4,4,2,2,5,3,5,4,4,4,1,3,2,2,5,2,5,3,2,2,1,4,3,1,3,4,5,4,2,2,3,4,3,4,4,4,3,4,1
"16",18,"Female",1996,4,5,1,5,1,4,5,4,4,4,4,1,4,4,4,2,4,5,1,4,5,2,2,5,1,2,5,2,4,2,2,4,4,1,5,2,1,4,4,4,4,1,5,4,2,5,1,2,5,1,1,5,4,5,1,4,5,1,3,4,5,1,5,2,2,2,5,4,2,4,4,1,5,4,4,2,4,4,4,5,5,2,4,5,4,1,5,5,5,5
"17",19,"Male",1998,4,5,2,1,4,4,5,4,2,3,2,3,4,3,4,4,1,5,5,4,2,3,3,2,2,3,2,4,2,2,5,4,5,5,4,2,4,3,2,4,2,5,4,3,1,3,2,1,1,2,2,5,4,2,3,4,3,2,3,4,4,5,2,2,4,4,3,2,5,3,3,4,4,3,2,4,4,1,4,2,1,3,5,4,5,5,4,4,3,4
"18",20,"Male",1998,1,4,4,4,3,2,4,5,3,4,3,4,4,1,3,5,1,3,4,4,1,1,4,1,2,4,5,4,4,3,5,4,2,4,4,5,2,2,2,3,1,2,4,5,1,1,2,2,4,3,4,4,3,1,1,2,4,2,2,3,2,2,3,1,3,3,2,1,5,5,2,5,4,2,2,2,3,1,1,4,4,1,5,4,4,2,3,2,5,4
"19",21,"Female",1998,3,2,2,4,1,4,4,4,4,4,4,4,4,4,4,1,3,3,4,4,4,1,4,4,2,4,2,4,4,1,2,3,3,1,4,1,2,3,4,4,3,4,4,5,2,3,4,2,4,2,2,4,4,4,2,2,4,2,2,4,4,2,5,2,2,2,2,5,3,5,2,2,4,2,2,2,5,4,5,4,2,1,4,2,4,2,4,4,4,4
"20",22,"Male",1998,4,4,4,3,2,3,4,4,4,4,2,3,4,4,5,3,2,2,4,4,2,3,4,5,1,2,5,4,4,1,4,4,1,2,4,2,3,4,3,5,3,2,4,4,1,3,2,4,4,2,4,4,4,2,1,4,3,4,2,5,2,3,4,2,2,4,3,3,4,3,2,1,5,4,2,2,5,2,4,3,4,2,5,4,2,2,4,2,5,2
"21",23,"Male",1982,3,3,2,1,1,3,4,2,1,5,3,4,2,5,5,1,1,5,5,5,4,4,4,1,1,2,2,4,1,1,4,5,4,5,4,2,4,3,5,5,3,4,4,1,1,5,2,2,1,4,2,2,3,5,2,3,2,4,5,5,4,5,5,4,5,3,2,5,5,2,2,5,5,4,2,5,5,2,4,2,2,5,5,4,4,5,2,4,4,2
"22",24,"Female",1989,5,4,3,5,1,5,4,3,4,4,1,2,5,3,4,1,1,5,1,5,5,4,5,5,2,4,5,5,5,1,2,5,5,1,5,2,4,5,1,3,4,2,5,3,2,5,4,1,5,2,2,4,5,1,2,5,5,5,3,4,3,1,5,3,2,5,4,5,5,2,1,1,4,2,1,1,5,4,4,2,4,3,4,2,5,1,4,4,4,1
"23",25,"Female",1998,4,4,4,2,4,4,5,3,4,5,2,2,4,4,5,4,4,3,2,5,4,2,4,2,1,3,5,3,4,1,4,5,2,3,5,2,4,4,2,5,4,2,4,4,1,5,2,4,2,1,2,4,5,2,1,4,4,4,3,5,2,4,2,3,2,4,4,2,2,4,2,4,5,3,3,2,5,2,4,2,4,2,5,4,2,4,5,4,5,2
"24",26,"Male",1997,3,5,3,3,4,3,5,4,4,5,3,3,4,4,4,4,3,4,4,5,2,4,3,3,3,3,1,4,3,3,4,4,3,3,5,3,2,3,2,5,4,3,4,5,1,3,3,3,4,3,3,5,5,3,3,4,4,3,2,5,3,3,2,2,2,3,3,2,3,2,3,3,3,3,2,3,3,2,3,4,3,1,5,3,3,2,3,3,3,3
"25",27,"Female",1997,3,4,3,1,4,4,5,3,2,5,3,3,2,5,4,4,1,2,5,4,2,4,3,2,1,4,3,3,1,2,4,4,2,5,4,2,2,3,5,5,2,3,4,2,2,4,1,3,1,4,4,5,3,5,1,3,3,3,2,5,3,5,2,3,4,3,3,2,5,2,3,4,5,2,3,5,4,2,4,4,3,4,4,5,3,5,2,2,5,3
"26",28,"Male",1997,4,5,3,2,2,3,5,2,2,5,1,4,4,2,3,4,1,4,4,5,5,2,4,4,1,1,2,2,4,2,4,3,3,4,4,2,4,4,1,4,3,4,5,3,2,3,2,2,2,3,1,5,5,1,4,2,2,2,2,4,3,4,4,4,4,5,2,2,5,4,2,2,5,5,4,2,4,2,4,2,2,3,4,4,4,4,3,5,2,4
"27",29,"Female",1999,1,5,2,1,1,1,4,4,2,5,2,2,4,4,4,4,1,4,5,5,1,1,4,1,1,4,4,5,1,2,5,4,4,5,5,2,3,2,5,4,4,4,4,2,2,4,2,2,1,1,4,4,2,5,1,5,4,5,4,4,4,5,5,2,4,4,4,2,5,5,2,5,5,2,1,5,4,1,4,3,2,4,4,4,4,5,5,2,5,1
"28",30,"Male",1997,5,4,1,5,1,3,5,2,5,5,1,2,5,1,4,1,1,4,1,5,3,1,2,5,1,1,4,1,5,1,1,4,5,1,5,3,1,4,1,5,5,3,5,5,1,4,2,1,5,1,3,5,5,1,1,4,3,1,1,4,5,1,5,4,1,5,4,5,5,5,4,1,5,5,5,1,5,5,3,5,3,1,5,4,5,1,5,3,5,5
"29",31,"Female",1997,4,3,3,4,2,3,4,3,4,4,2,2,4,2,4,2,2,3,3,4,3,2,3,4,2,2,4,4,4,2,2,4,3,4,4,2,2,4,2,4,4,2,4,4,2,4,2,3,2,2,2,4,4,2,2,4,4,3,2,3,3,2,4,3,2,4,4,4,4,4,3,2,4,4,2,2,4,4,4,4,4,2,4,4,3,4,4,4,4,3
"30",32,"Female",1998,5,5,5,2,3,4,5,5,2,5,1,2,4,2,5,1,1,5,5,5,4,2,5,1,2,5,5,5,4,4,4,5,2,5,5,4,3,4,4,5,5,4,5,2,4,5,2,5,2,1,5,4,2,4,4,5,5,4,5,2,1,4,3,1,4,5,4,5,5,4,1,5,4,1,1,2,2,2,2,3,2,4,2,4,1,4,5,1,2,2
"31",33,"Female",1996,2,3,3,2,5,2,4,4,2,5,5,5,5,5,3,4,5,3,4,3,3,2,4,1,2,4,2,2,2,4,4,5,3,5,4,3,3,4,5,3,2,5,5,2,4,4,2,2,3,3,3,4,4,5,4,2,2,2,5,2,3,4,1,2,4,1,1,2,1,4,2,5,4,2,4,4,2,2,3,3,1,4,2,4,4,3,3,3,2,4
"32",34,"Female",1998,3,4,4,2,2,2,5,4,2,5,3,2,3,4,2,4,1,2,4,4,2,2,5,2,2,5,4,4,2,2,4,4,2,4,4,4,2,2,4,2,2,2,4,2,2,4,1,4,1,1,4,4,1,4,2,3,5,4,4,2,2,4,4,2,4,3,4,2,5,4,1,4,4,1,2,4,4,2,2,4,4,4,4,5,2,5,5,2,4,2
"33",35,"Female",1998,2,5,2,2,2,4,4,3,4,5,4,3,4,3,4,4,1,4,4,5,2,1,4,2,2,3,5,4,4,2,4,2,4,5,4,3,4,2,3,4,4,2,4,2,1,2,4,2,2,1,4,3,3,2,1,5,3,4,2,4,4,4,4,3,2,2,3,2,5,5,2,4,4,3,2,2,4,2,3,2,4,4,5,2,4,4,5,2,5,2
"34",36,"Male",1998,3,4,4,3,2,4,4,5,2,5,2,3,3,2,4,3,4,2,4,4,2,3,5,3,2,4,3,4,4,3,4,3,2,4,4,5,3,4,3,3,4,3,2,4,4,4,1,4,3,5,5,3,2,3,2,4,3,4,4,2,2,3,4,1,4,4,3,3,2,3,1,3,4,2,2,2,3,2,1,3,3,2,2,5,2,3,1,1,4,2
"35",37,"Female",1998,4,4,2,2,2,2,4,4,2,4,2,4,4,4,4,2,4,4,4,5,2,2,4,4,1,4,2,4,4,2,4,2,4,4,5,2,3,4,4,5,4,4,4,2,2,4,2,4,2,4,2,4,4,4,2,4,2,4,4,4,4,4,4,2,4,4,2,4,2,4,2,2,5,2,2,2,4,2,4,3,2,4,4,4,2,4,2,4,4,2
"36",38,"Female",1999,2,4,2,2,2,2,4,4,4,4,2,2,4,2,4,2,2,4,2,2,2,2,2,4,4,4,2,4,4,4,4,2,4,2,2,4,4,4,2,2,4,2,2,4,2,4,2,4,4,4,4,4,4,4,4,4,4,4,2,4,4,4,4,2,2,4,4,4,4,4,4,2,2,2,2,2,2,2,2,2,4,2,4,4,2,2,2,2,2,2
"37",40,"Female",1998,5,5,2,4,2,4,5,3,5,4,2,3,4,1,4,1,1,4,4,4,4,2,3,5,1,2,4,2,4,2,1,4,4,3,3,2,2,4,1,5,4,4,4,4,2,4,1,4,4,3,3,5,5,1,4,4,4,3,4,4,4,2,4,3,1,4,3,5,5,4,3,1,5,4,4,2,4,5,4,4,2,2,4,5,2,2,3,3,2,3
"38",41,"Female",1998,2,3,5,2,4,1,4,5,2,3,4,4,3,5,4,4,3,4,5,4,1,2,5,3,5,5,1,5,2,5,5,4,2,5,4,5,5,3,5,2,2,5,3,4,1,2,5,4,1,1,5,3,3,4,5,1,2,5,5,3,1,4,2,1,4,2,2,2,3,4,1,3,1,1,1,4,1,1,1,1,1,2,5,1,2,5,5,1,1,1
"39",42,"Female",1998,3,5,4,2,1,1,4,4,4,4,1,4,3,3,4,4,1,1,2,5,1,2,5,4,2,4,4,3,4,1,4,4,1,4,5,3,3,2,2,3,3,3,4,4,2,4,1,3,4,1,5,4,2,2,1,3,4,4,3,3,2,4,5,2,2,5,2,2,5,4,1,2,4,2,3,2,5,2,3,3,3,2,4,5,3,2,5,1,5,2
"40",43,"Female",1998,4,5,2,3,2,4,5,5,4,5,1,4,4,4,5,4,1,5,5,5,5,4,3,4,2,3,5,3,2,1,5,4,4,4,5,1,4,5,4,5,4,4,3,4,1,5,3,3,3,1,3,5,5,2,2,4,3,4,4,4,4,3,4,1,2,5,2,2,5,2,3,2,4,3,3,4,5,1,5,2,2,2,5,3,3,3,5,3,4,2
"41",44,"Male",1996,2,4,3,2,4,3,4,5,4,4,3,2,4,4,4,4,4,4,4,4,3,2,4,4,2,3,4,4,2,4,4,4,3,4,3,3,4,3,3,4,2,3,3,4,3,2,4,3,4,4,4,4,2,4,4,3,4,2,4,3,3,4,2,1,2,3,4,2,2,4,2,2,4,3,2,4,2,2,3,2,3,2,3,2,3,2,2,2,2,4
"42",45,"Male",1997,3,4,4,4,4,2,4,4,4,5,2,3,4,3,5,4,2,4,4,1,3,3,4,3,2,2,4,4,4,2,5,4,2,4,2,2,2,4,3,4,3,5,4,4,2,4,3,4,3,4,4,4,2,3,2,4,3,4,3,4,2,2,2,2,2,4,3,2,4,3,2,3,4,4,2,2,4,1,4,4,1,2,4,3,2,3,2,2,4,2
"43",47,"Male",1998,5,3,5,2,4,3,4,5,3,3,2,2,4,2,3,2,4,2,4,3,2,3,4,4,3,2,5,4,5,3,3,3,2,1,4,4,2,2,1,3,2,2,2,4,3,3,4,4,5,4,4,4,2,1,3,3,3,4,2,3,1,4,2,1,3,4,4,4,2,3,2,2,3,4,2,1,3,3,2,4,4,2,3,2,2,1,2,2,3,2
"44",48,"Female",1997,5,5,3,2,3,2,5,2,4,4,1,2,4,4,3,1,5,3,3,3,3,1,4,4,1,3,4,2,3,2,1,4,3,2,3,2,1,3,4,4,4,3,4,2,2,4,1,2,2,2,2,4,3,4,2,4,4,2,2,3,3,4,3,4,2,5,4,5,1,5,2,2,5,3,4,3,4,5,4,5,3,4,4,5,4,4,4,4,4,4
"45",49,"Female",1997,2,5,4,2,3,4,5,3,4,5,1,1,3,4,4,3,1,2,4,4,3,4,4,4,1,2,5,3,2,1,3,5,2,5,4,2,2,2,4,5,4,2,3,2,1,4,1,2,1,1,2,4,2,4,1,5,5,4,4,4,2,4,3,3,2,5,5,3,5,2,2,2,5,4,3,4,5,3,4,4,4,4,5,5,4,5,5,4,5,2
"46",50,"Female",1998,4,5,1,4,2,3,4,3,4,4,1,2,4,2,2,3,1,5,1,4,4,2,4,4,3,3,1,1,3,4,4,4,5,4,4,3,2,3,2,2,4,4,4,4,2,4,1,1,1,4,4,4,4,1,3,3,4,3,4,2,5,2,4,3,2,5,4,3,5,4,2,2,3,3,5,3,2,2,3,4,2,2,4,5,5,5,2,2,3,3
"47",51,"Female",1999,4,4,4,3,2,4,4,3,4,5,2,3,2,4,4,2,1,2,3,5,3,2,4,4,2,2,3,4,3,2,4,3,2,4,5,2,3,2,3,4,3,2,2,3,2,4,3,4,2,2,3,4,2,3,2,4,4,4,4,3,2,3,4,3,2,4,3,4,5,4,2,2,4,4,2,3,4,2,4,3,4,3,4,3,2,4,4,3,4,2
"48",53,"Male",1998,4,4,2,4,2,4,4,4,4,4,2,2,4,2,3,2,5,3,3,2,4,2,2,4,3,2,4,4,2,3,2,4,3,3,2,2,3,4,1,4,4,4,4,3,3,3,3,3,4,1,4,3,4,2,2,4,4,4,2,4,4,2,4,2,2,4,4,4,1,4,4,2,3,4,2,4,3,4,4,3,2,3,3,3,3,2,5,2,4,2
"49",54,"Male",1998,4,4,2,4,2,2,4,2,4,4,2,1,4,1,4,4,4,2,3,4,3,1,2,4,2,2,4,2,4,2,3,5,4,2,4,3,2,4,2,3,3,2,4,1,2,3,1,1,2,1,4,5,4,1,2,4,4,2,2,4,4,2,4,4,2,4,5,2,2,5,4,2,4,4,4,2,4,3,3,4,4,5,4,5,5,4,5,2,4,4
"50",55,"Female",1994,5,5,3,4,2,3,5,3,4,5,1,3,5,4,3,1,1,4,5,5,4,5,3,4,1,2,2,2,2,3,1,4,5,5,4,2,2,5,3,5,5,2,4,2,2,5,2,1,5,1,2,5,2,3,2,4,4,4,4,2,3,2,4,3,2,5,3,5,5,1,3,2,5,4,4,4,3,5,4,4,4,4,4,4,5,1,5,4,4,2
"51",57,"Male",1998,2,2,2,5,4,1,4,4,4,2,4,5,4,3,2,5,3,5,4,2,2,1,4,2,4,2,4,2,4,3,5,4,4,4,2,3,2,4,3,2,2,3,4,5,5,1,3,2,4,5,5,5,4,2,4,2,2,1,1,2,4,1,2,2,2,2,1,1,3,5,2,4,2,4,4,2,3,1,3,4,3,1,1,3,4,2,1,1,2,5
"52",58,"Male",1997,4,4,4,4,2,4,2,2,4,4,2,4,4,4,4,4,2,4,3,5,4,4,4,2,1,2,4,4,3,2,4,4,3,4,4,2,4,3,4,4,4,2,4,4,1,4,2,1,2,2,2,4,4,4,2,4,4,4,2,4,2,2,4,4,2,4,2,2,4,2,2,4,5,4,2,3,4,2,4,2,4,2,5,4,5,4,4,4,4,2
"53",60,"Female",1998,4,4,4,4,2,4,4,4,4,4,2,4,4,4,4,2,2,2,2,4,4,2,4,4,2,2,2,4,4,2,4,4,2,2,4,2,4,2,4,4,4,4,2,4,2,4,4,4,4,2,2,4,2,4,2,4,2,4,4,4,2,2,4,2,2,4,2,4,4,4,2,2,4,4,2,2,4,2,4,2,2,2,4,2,2,2,4,4,4,2
"54",61,"Male",1997,5,5,2,5,2,4,4,3,3,5,1,3,5,2,3,3,1,4,3,5,3,2,5,4,1,4,5,4,4,2,4,4,5,4,4,2,4,4,1,4,4,4,5,5,1,5,2,1,2,2,4,5,5,1,2,4,3,4,4,3,4,1,4,3,3,5,3,3,5,4,1,2,5,2,2,2,4,2,4,2,2,1,5,4,5,4,4,2,4,2
"55",62,"Female",1995,5,2,2,4,4,3,5,5,5,4,1,4,3,3,5,4,1,4,5,4,4,2,5,1,1,2,4,4,2,2,5,2,4,4,5,1,3,3,4,5,4,2,4,4,2,5,1,3,1,3,3,5,2,3,2,5,5,5,4,4,4,2,2,1,1,5,2,2,5,4,1,5,5,4,2,4,4,1,5,3,4,2,4,5,3,5,3,3,4,1
"56",63,"Female",1998,4,4,5,3,1,3,5,5,4,5,3,4,3,3,4,3,4,1,3,5,4,2,5,2,1,4,4,4,3,1,3,4,2,4,5,3,1,1,4,5,2,2,2,3,1,4,4,2,2,2,3,5,1,3,1,4,4,4,3,3,1,3,5,1,2,3,2,3,2,4,1,4,5,2,2,3,5,3,3,5,4,3,5,2,4,4,4,3,5,2
"57",64,"Male",1999,3,4,4,2,4,4,3,4,4,4,4,4,3,3,4,4,2,4,4,4,4,4,4,4,1,2,2,4,4,4,4,3,3,5,4,2,4,4,3,4,4,4,3,4,4,4,4,3,1,2,2,2,3,4,2,1,2,3,2,4,2,4,2,2,2,2,2,2,4,2,2,2,5,4,2,2,2,2,4,2,2,2,2,2,3,5,4,4,4,3
"58",67,"Female",1994,4,4,2,4,5,3,5,3,3,5,1,3,5,2,5,4,4,4,3,5,3,5,4,2,1,2,4,2,3,2,5,4,4,2,5,2,1,4,2,4,4,4,4,5,1,4,2,1,4,1,1,4,5,2,5,5,2,1,4,4,4,2,1,3,3,5,3,2,2,1,2,4,5,4,4,3,4,1,4,5,2,1,5,4,5,2,5,5,1,5
"59",68,"Female",1999,5,4,4,2,2,1,5,4,3,4,2,3,4,4,4,2,1,3,4,5,4,1,4,2,1,4,4,2,3,1,5,2,2,4,4,2,1,4,3,4,4,1,5,3,1,5,1,4,1,1,2,4,4,3,2,5,4,1,3,4,2,4,4,2,3,4,3,4,5,5,2,4,5,2,4,3,5,1,4,5,5,3,5,5,2,5,5,4,4,5
"60",69,"Female",1982,5,5,2,4,1,5,5,1,4,5,1,4,5,2,4,2,1,1,2,5,5,1,2,4,1,1,5,2,4,1,2,5,2,5,5,1,1,5,2,5,4,2,5,4,1,5,1,2,2,2,2,5,5,2,1,5,4,1,4,4,4,2,5,5,2,5,2,4,5,5,4,2,5,5,4,2,5,4,5,5,4,2,5,5,4,4,4,4,5,5
"61",70,"Female",2000,4,4,2,1,4,2,5,5,2,5,2,3,5,3,3,4,1,4,4,5,5,2,4,1,1,3,4,3,5,3,4,4,4,4,5,4,3,4,3,4,5,5,5,5,2,4,2,2,1,4,3,5,3,3,5,5,4,3,3,3,4,5,2,1,4,4,3,2,5,4,2,5,5,3,3,1,3,2,2,3,1,1,4,4,4,5,2,3,1,3
"62",71,"Female",2000,3,5,3,1,4,4,5,3,2,4,2,2,5,4,3,3,5,5,5,4,5,1,4,2,2,2,5,2,2,5,3,5,4,5,3,3,2,5,4,5,4,4,5,2,2,4,1,3,1,4,2,5,5,4,4,4,5,3,4,3,3,5,2,3,4,4,4,3,1,5,2,4,4,4,4,4,1,3,3,4,2,4,4,5,3,5,2,4,2,3
"63",72,"Female",1998,3,5,2,3,4,3,5,5,2,5,2,3,3,4,5,5,1,5,2,5,3,3,4,2,3,4,3,5,2,2,5,3,4,5,5,2,3,4,4,5,2,4,3,3,3,3,4,2,2,1,3,4,5,4,1,4,4,4,5,3,4,3,2,1,4,4,3,1,5,3,2,4,3,2,1,4,4,1,4,3,2,3,3,2,4,4,5,3,5,2
"64",73,"Female",1996,2,5,1,1,1,5,5,2,1,2,4,4,5,5,5,2,1,5,5,5,5,2,2,1,4,5,2,4,1,1,5,5,5,5,5,4,4,5,5,5,2,5,4,1,4,2,4,1,1,1,2,4,5,5,1,2,5,3,5,4,5,5,5,4,5,2,2,4,5,4,4,5,2,1,2,5,5,1,2,2,1,5,2,2,5,5,5,4,5,3
"65",74,"Female",1999,2,3,1,2,2,1,4,2,3,5,2,4,5,2,4,5,3,5,5,4,1,1,2,4,1,1,4,2,4,1,4,4,5,5,4,4,4,4,4,5,4,4,5,5,2,4,5,1,2,2,5,4,4,4,3,3,4,2,2,4,5,4,4,4,3,4,2,1,3,5,4,2,5,5,4,2,5,2,2,2,2,1,4,1,5,4,4,1,3,4
"66",75,"Female",1983,5,5,4,3,1,5,4,3,2,5,1,4,3,4,5,2,1,2,4,5,4,2,4,4,1,2,4,4,3,1,3,4,3,3,5,1,3,2,3,5,4,4,4,3,1,4,4,2,2,2,3,4,4,3,1,5,3,4,5,5,2,3,5,3,4,5,2,4,5,4,2,2,5,4,2,3,5,3,5,3,2,3,5,2,4,4,4,3,5,2
"67",77,"Female",1998,3,5,1,1,2,4,4,2,3,4,3,1,3,2,3,4,5,5,2,3,2,1,3,3,4,2,4,1,2,4,3,5,5,5,3,4,1,4,3,4,4,2,5,3,3,3,1,2,2,3,3,5,5,4,4,4,4,2,4,3,5,5,4,4,3,3,5,2,1,5,3,3,2,4,5,4,2,3,2,5,4,3,3,5,4,4,3,3,2,4
"68",78,"Female",1999,4,4,1,1,4,3,5,4,4,4,2,2,4,3,1,2,2,5,5,4,4,2,5,1,3,5,4,4,2,3,2,4,5,5,4,3,1,5,2,2,2,1,4,2,3,4,1,1,2,4,2,5,4,2,3,4,5,2,4,2,5,5,2,2,2,4,4,4,4,4,1,5,3,1,2,4,3,4,3,5,5,4,3,5,5,4,2,4,3,4
"69",79,"Female",1999,3,4,1,4,1,2,5,4,2,5,2,2,4,2,4,3,1,4,3,5,2,2,3,4,2,4,4,2,4,2,4,4,4,4,4,2,4,5,2,4,4,2,5,4,3,3,2,1,2,3,3,5,2,2,2,4,4,2,2,4,5,2,5,2,4,4,4,3,5,4,3,2,4,2,4,2,4,2,4,2,4,2,3,4,5,4,3,3,4,4
"70",80,"Male",1994,4,4,2,4,2,2,4,4,2,5,2,4,4,4,3,4,4,4,4,5,2,1,4,4,1,2,4,2,4,1,4,2,4,5,5,2,2,4,4,5,4,4,3,4,1,4,3,2,1,2,4,4,4,4,1,3,3,4,4,4,4,2,4,2,4,4,2,2,2,5,2,2,5,4,4,2,5,2,4,4,2,2,5,3,4,5,4,2,5,2
"71",81,"Female",1997,2,5,1,4,1,1,4,3,2,4,3,2,4,4,3,2,5,4,4,3,4,1,3,2,3,2,4,5,2,4,4,4,4,5,4,2,4,5,4,4,3,3,3,4,2,5,2,1,1,4,2,4,4,4,2,3,2,4,2,3,5,2,5,3,4,3,4,4,1,5,3,4,3,4,1,4,2,2,4,2,3,2,4,4,5,5,2,4,4,2
"72",82,"Female",2000,4,5,1,4,5,1,5,4,4,5,2,1,5,2,4,5,1,5,2,5,2,1,3,1,3,4,5,5,2,3,4,5,5,5,5,2,1,5,4,5,5,1,5,2,4,4,1,1,2,2,5,5,5,5,5,5,5,2,4,2,5,2,1,2,2,4,5,1,5,5,3,5,3,2,1,4,3,2,4,5,5,4,2,5,5,4,4,1,1,4
"73",83,"Female",1999,5,4,1,5,3,4,4,4,4,5,2,3,5,4,4,1,4,4,2,5,5,2,1,1,4,2,3,3,4,1,1,4,4,2,5,3,4,4,2,2,4,3,3,5,2,4,2,1,2,1,1,4,5,2,1,5,4,5,5,5,5,1,3,2,2,4,3,5,2,4,5,5,2,4,3,2,5,5,3,2,3,1,4,4,5,4,5,5,5,1
"74",84,"Male",1998,2,3,4,2,4,3,4,3,4,4,2,3,4,4,3,3,3,4,4,5,3,3,4,3,2,2,3,4,2,3,4,4,2,3,4,2,1,4,2,4,3,3,4,3,1,3,2,4,2,3,3,4,3,3,2,4,2,3,3,3,2,4,2,3,2,4,3,3,3,3,2,3,4,4,2,4,3,2,4,5,3,3,5,4,2,4,3,3,4,3
"75",85,"Female",1999,2,5,2,2,2,3,5,2,4,4,3,2,4,4,2,4,2,5,5,3,4,1,2,2,4,3,4,2,2,4,4,4,4,4,3,4,1,5,3,3,4,3,5,3,4,3,1,2,1,2,4,5,4,4,4,3,4,3,4,3,4,4,4,4,2,3,4,2,4,5,4,4,2,3,4,4,2,2,2,5,3,3,2,5,4,5,4,2,2,3
"76",86,"Male",1999,4,3,3,2,4,3,5,5,4,5,1,3,5,4,4,2,2,5,5,5,4,3,5,2,1,2,5,4,3,3,4,3,3,5,4,4,3,3,3,5,3,5,5,4,4,5,3,1,2,3,2,5,5,4,2,4,4,4,4,2,3,4,2,1,2,5,3,4,4,3,1,4,5,4,2,3,3,2,2,3,1,2,2,3,5,4,3,4,4,2
"77",88,"Female",1996,4,4,2,4,5,3,5,3,5,5,2,2,4,2,4,3,5,5,2,4,2,1,1,5,1,3,5,4,4,2,5,3,4,2,5,3,2,5,3,3,3,4,4,5,1,3,2,2,3,2,4,5,5,2,2,3,4,2,2,4,4,2,1,3,1,4,4,3,1,5,5,1,5,3,2,2,4,1,3,4,2,1,5,4,4,3,4,2,4,4
"78",89,"Female",1999,4,5,4,4,3,3,5,2,2,5,2,3,5,4,4,4,1,3,4,5,3,1,4,4,1,4,4,4,2,3,4,4,2,4,5,3,4,3,3,4,3,4,5,3,2,4,2,2,2,1,2,5,4,4,2,4,3,4,4,3,2,2,3,4,4,4,3,2,5,5,2,2,5,2,2,4,3,2,3,2,2,3,4,4,4,4,5,4,4,2
"79",90,"Female",1998,3,4,4,2,3,2,5,4,3,5,3,3,2,4,3,3,1,3,4,5,1,3,5,4,3,3,2,3,1,3,3,4,3,5,5,3,2,2,3,5,3,2,2,4,2,3,1,1,2,2,4,5,3,4,3,3,2,3,4,2,2,4,3,2,3,3,3,3,5,3,1,2,3,3,3,5,3,3,3,4,4,2,4,5,5,4,4,2,3,3
"80",91,"Female",1999,4,5,1,4,4,4,5,2,4,4,3,1,4,3,3,4,2,5,3,1,4,1,2,4,2,4,5,2,4,4,4,4,5,4,3,3,1,5,2,5,4,3,4,5,3,3,1,1,3,5,3,5,5,1,4,4,4,1,4,3,5,2,2,4,2,3,5,2,4,5,4,2,4,2,4,2,2,2,3,5,3,1,3,5,5,3,1,3,2,5
"81",93,"Female",1999,2,4,4,4,4,2,5,4,5,5,2,4,4,2,5,5,2,5,4,5,3,4,4,3,1,4,3,4,4,5,5,4,4,4,5,2,4,4,2,5,4,4,3,4,1,2,4,2,2,1,2,4,4,2,1,4,5,4,2,5,2,2,2,2,1,4,2,1,4,2,2,3,5,2,2,2,1,1,4,2,2,2,5,2,4,4,5,4,5,2
"82",95,"Female",1997,5,5,2,4,3,4,5,5,5,5,1,1,4,3,5,1,1,3,2,4,5,2,2,4,1,1,5,5,3,3,1,5,4,2,5,2,4,5,2,4,5,3,5,5,2,5,2,2,4,3,2,5,4,2,3,4,5,4,2,4,4,2,3,1,1,5,5,5,5,4,4,2,5,5,1,3,3,5,4,2,3,1,4,4,4,2,3,4,3,2
"83",96,"Female",2000,2,4,2,1,1,2,4,4,4,5,3,3,2,3,2,4,4,4,4,5,2,3,4,1,2,3,5,5,4,3,5,3,3,5,5,5,1,2,3,4,2,1,2,5,2,3,3,1,1,2,5,4,3,4,1,3,4,4,2,2,4,5,5,2,2,3,3,2,2,3,2,5,4,3,1,2,3,1,1,5,5,1,4,3,5,5,4,1,5,2
"84",97,"Male",1991,2,4,1,2,5,3,5,2,1,5,2,4,4,4,2,4,4,5,4,4,4,3,5,4,1,1,4,4,4,4,4,4,5,5,4,2,3,2,1,4,3,4,4,4,4,3,4,1,2,2,4,5,5,2,5,4,4,2,4,1,5,4,1,4,5,4,2,2,2,3,1,2,5,5,2,2,2,2,4,3,2,2,2,2,5,4,4,2,1,4
"85",98,"Female",1999,3,4,2,2,3,2,5,4,3,5,1,2,4,3,2,3,1,4,3,5,2,1,4,2,1,4,3,4,1,2,4,4,3,4,5,2,1,1,2,5,3,4,5,1,1,4,1,2,1,1,4,5,2,2,1,4,5,1,4,3,4,4,3,2,3,5,4,3,5,5,2,4,5,2,2,5,4,2,4,5,2,5,5,5,4,5,5,2,5,5
"86",99,"Female",1999,3,5,2,2,2,3,4,2,3,4,2,2,4,4,3,2,2,4,3,5,3,3,2,3,1,2,4,2,3,1,1,4,3,4,5,2,2,4,2,5,4,4,4,4,1,4,2,2,3,1,3,5,4,3,2,3,3,2,4,4,4,4,4,4,3,4,4,4,4,3,4,3,5,4,4,3,5,5,4,4,2,2,5,4,4,3,5,3,4,4
"87",100,"Female",1997,4,5,2,2,1,2,5,2,3,5,2,1,3,3,4,3,2,4,4,5,4,1,3,4,2,3,5,4,2,2,4,5,4,5,5,2,1,4,2,4,4,1,4,3,2,4,1,1,2,1,3,5,3,2,1,2,5,2,4,4,4,4,5,4,3,4,5,3,4,5,3,2,4,3,2,4,4,2,4,5,5,3,4,5,5,4,5,3,5,4
"88",102,"Female",2000,4,3,4,3,2,2,4,5,3,4,4,3,4,4,4,4,5,4,4,2,4,3,4,4,3,5,2,4,3,3,4,3,2,4,4,3,3,4,4,5,4,4,4,2,2,4,3,4,3,4,4,3,4,1,3,4,3,3,4,4,2,3,4,1,3,2,3,2,1,3,2,2,3,1,2,3,3,2,3,3,2,4,4,3,2,3,2,2,3,3
"89",103,"Male",1995,1,4,3,4,2,2,4,3,5,5,3,2,5,2,4,5,1,3,4,1,2,2,2,3,3,2,5,4,4,2,5,3,3,4,1,4,3,5,3,5,2,4,4,3,2,2,1,3,3,5,4,5,5,2,4,4,5,2,3,4,3,2,4,3,1,3,4,1,5,4,4,3,3,4,2,2,4,1,2,3,2,3,4,5,3,3,1,2,2,4
"90",104,"Female",1997,4,5,3,4,2,2,4,3,4,5,3,3,4,4,4,4,5,4,3,5,2,2,3,3,3,4,5,4,4,2,4,3,3,2,5,4,1,4,3,4,3,4,4,3,1,4,4,2,2,2,4,4,3,2,1,3,5,4,4,3,3,2,4,3,2,3,3,2,1,4,3,3,3,2,2,2,4,2,2,5,2,3,5,2,4,4,4,2,5,2
"91",105,"Female",1997,4,5,1,3,1,3,5,3,3,4,1,2,5,2,4,2,1,4,1,4,4,1,2,4,2,2,4,3,4,1,4,3,5,1,5,3,1,3,1,3,5,3,4,4,1,4,1,1,4,3,3,5,3,1,2,5,3,1,2,4,5,3,5,3,3,5,4,4,5,5,4,2,4,4,3,2,5,2,3,5,3,2,5,5,5,2,3,3,4,5
"92",106,"Female",1999,4,5,3,2,3,3,5,4,2,4,2,2,4,3,2,2,5,2,3,4,2,2,4,4,1,4,4,2,3,2,4,4,2,4,4,2,3,2,3,4,1,1,5,3,2,2,2,2,2,1,2,5,2,2,2,2,4,2,2,2,3,4,3,2,4,4,4,4,1,4,2,2,5,2,4,3,4,2,4,3,5,3,4,4,4,4,5,4,4,4
"93",109,"Male",1999,4,5,2,2,1,1,5,2,4,5,1,3,5,4,4,4,1,4,4,5,4,2,4,3,1,2,5,4,3,1,5,4,4,5,5,2,2,4,3,5,4,4,5,3,1,2,1,1,1,1,4,5,4,2,1,4,4,2,4,4,4,4,5,4,2,5,3,2,5,4,2,3,5,4,2,3,5,1,4,4,2,3,5,5,5,5,5,2,5,4
"94",110,"Male",1997,4,4,4,5,4,4,4,4,4,4,4,3,2,4,3,4,4,2,2,5,3,2,4,4,5,5,4,2,4,2,4,4,2,4,4,2,1,1,4,5,2,4,2,4,1,2,2,4,3,2,4,4,1,1,1,4,4,3,2,4,2,1,2,2,2,2,3,2,2,4,2,2,1,1,4,2,4,2,4,5,2,2,5,4,2,3,4,2,5,3
"95",111,"Female",1997,4,5,4,4,2,4,5,5,4,4,2,2,4,2,2,4,1,4,4,4,4,2,4,4,1,2,5,4,4,2,4,5,2,2,5,2,4,4,2,5,2,4,2,5,2,4,4,2,2,1,4,5,2,2,2,4,4,5,2,4,2,2,4,1,2,4,4,2,5,4,2,2,5,4,2,2,4,2,4,2,2,1,4,2,4,4,5,2,4,1
"96",112,"Female",1999,5,3,4,1,4,5,5,5,2,5,2,4,5,5,4,2,2,1,4,5,4,4,5,5,1,2,2,5,1,2,4,2,1,4,4,1,4,4,2,5,5,4,5,1,1,5,3,5,4,1,3,4,1,2,1,5,4,4,4,4,2,5,2,1,4,4,2,4,4,2,1,1,5,4,1,5,4,2,5,2,2,5,5,3,1,2,5,3,5,2
"97",113,"Male",1994,3,5,2,4,3,1,4,3,4,4,2,2,4,1,2,4,2,4,2,3,2,1,2,4,3,3,5,2,4,4,4,4,4,2,3,3,1,4,1,2,3,2,4,4,3,3,1,2,4,2,4,4,4,1,3,3,4,2,2,3,4,2,3,3,2,4,4,2,4,5,4,2,3,3,4,2,2,2,3,5,4,2,3,5,4,2,4,2,3,4
"98",114,"Male",1984,4,5,1,3,3,5,5,2,3,5,3,2,5,2,5,4,1,5,4,5,4,3,1,5,1,2,1,1,4,2,3,5,4,3,5,1,1,5,3,5,4,3,5,4,1,5,3,1,4,1,3,5,5,3,1,4,5,1,3,5,5,3,3,4,3,3,4,2,5,3,5,1,5,4,5,2,4,3,5,5,3,2,5,3,5,2,5,3,5,5
"99",115,"Female",1999,3,5,4,4,1,2,4,4,4,4,2,1,3,3,3,5,1,2,3,4,1,2,4,3,3,1,5,4,3,2,5,3,1,3,5,4,3,2,2,2,3,1,2,4,2,2,1,4,2,3,5,3,3,2,2,3,4,4,2,3,2,2,5,2,2,4,5,1,5,4,2,3,3,5,2,3,4,1,2,3,5,2,4,5,2,4,3,1,4,2
"100",116,"Female",1997,5,4,3,3,4,3,5,4,5,5,2,4,3,4,5,2,5,2,4,4,4,2,5,3,2,3,4,5,3,4,4,2,3,4,3,4,4,3,4,4,4,5,4,4,2,5,4,1,3,3,3,4,4,4,5,3,4,2,4,4,3,3,2,2,1,4,2,4,1,4,1,3,4,3,1,3,2,2,2,2,1,2,4,2,5,3,3,3,1,4
"101",117,"Female",1999,5,5,1,5,1,4,5,4,4,5,1,3,4,3,5,2,5,5,1,5,3,1,4,5,2,1,4,2,2,1,2,4,4,2,5,4,1,5,1,5,4,2,4,2,1,5,1,1,2,2,4,5,5,1,1,5,5,4,4,5,5,1,5,2,2,5,3,4,1,5,2,1,4,5,4,4,5,4,2,5,4,4,5,5,5,4,4,2,5,2
"102",118,"Female",1996,4,3,4,3,3,5,4,4,3,4,4,4,3,4,4,2,3,4,4,5,4,3,5,4,3,3,2,4,4,2,1,4,2,4,5,3,4,2,2,5,4,5,4,4,4,4,2,4,3,2,3,4,4,2,1,3,4,4,2,4,2,3,3,2,3,2,2,4,3,3,1,2,3,3,2,2,4,5,3,2,1,2,2,4,2,3,4,3,5,2
"103",119,"Female",1999,3,3,3,1,3,4,4,5,2,4,3,4,3,4,2,3,2,3,4,4,3,3,4,2,3,3,4,4,3,3,4,3,3,5,3,2,4,3,3,4,3,3,3,3,3,4,3,2,1,3,3,4,3,2,4,2,2,4,4,3,3,5,3,1,4,3,2,3,4,3,2,4,3,3,2,3,3,2,4,2,3,3,3,3,4,5,3,3,2,2
"104",120,"Female",1996,4,4,2,3,5,2,4,2,2,2,2,2,4,1,2,3,1,3,3,4,3,1,4,4,3,2,4,2,4,5,4,4,4,4,2,2,1,3,2,2,3,4,5,4,3,4,1,2,3,1,2,4,4,1,2,2,3,3,2,2,4,3,1,4,4,4,4,3,5,5,2,2,3,4,4,2,1,2,4,5,2,2,3,5,4,3,5,4,4,3
"105",121,"Female",1999,4,5,3,3,3,5,4,2,5,5,1,3,3,3,3,3,1,4,4,5,4,3,3,4,1,5,4,2,2,4,4,4,3,3,4,2,4,4,2,5,3,3,4,2,2,4,4,2,1,1,3,4,4,2,1,5,5,2,3,3,3,3,3,4,1,5,3,3,5,3,3,2,5,1,4,4,2,2,4,2,3,4,4,2,4,5,5,3,5,4
"106",122,"Male",1999,4,5,3,3,2,3,4,2,2,4,2,3,4,4,4,3,1,3,3,4,3,4,4,3,2,2,4,4,2,1,3,4,4,4,4,3,3,3,4,4,4,3,4,1,1,4,1,3,3,3,4,4,3,4,3,4,5,4,5,4,3,3,4,4,4,4,3,3,5,2,2,3,4,4,2,4,5,3,3,3,3,5,5,5,3,3,3,2,3,2
"107",123,"Female",1999,3,4,2,4,4,3,5,3,2,4,3,2,3,5,4,4,2,4,4,3,3,2,2,4,2,3,2,4,2,2,4,4,4,4,3,3,4,4,4,4,3,4,4,4,3,4,2,2,1,4,2,5,4,2,3,3,4,4,4,4,4,2,2,3,4,3,4,2,4,4,4,2,4,3,2,4,4,2,3,2,2,2,3,4,4,5,2,4,3,2
"108",125,"Female",1998,5,4,2,3,3,1,5,1,4,4,1,4,4,4,3,2,1,4,4,5,2,1,1,4,4,2,1,3,3,2,2,4,4,2,5,3,3,4,2,4,3,3,4,2,4,5,1,3,3,2,4,5,4,2,4,3,2,3,4,2,4,3,3,5,2,5,2,4,5,5,5,2,2,4,3,3,4,4,3,3,3,4,2,5,3,3,4,2,2,3
"109",126,"Female",1998,1,4,4,1,2,1,4,3,2,5,4,5,2,4,4,5,2,3,5,5,1,1,5,1,1,5,3,1,1,2,5,2,4,5,5,3,3,3,5,5,2,5,3,2,2,1,5,3,5,1,3,4,4,5,2,1,1,3,5,4,2,5,4,3,4,2,1,1,4,5,1,5,5,1,5,5,4,1,3,3,1,4,4,1,3,1,5,3,4,3
"110",127,"Female",1999,4,4,4,2,5,2,5,4,4,5,3,4,4,2,4,3,2,3,4,3,2,1,3,2,3,5,5,4,4,2,5,3,1,4,3,2,1,2,4,5,3,2,5,2,2,4,2,2,2,2,4,5,4,1,2,4,4,2,1,2,2,4,1,2,2,3,2,3,4,5,3,4,3,1,2,2,4,1,4,5,4,4,4,4,4,4,4,2,4,4
"111",128,"Female",1998,4,5,3,5,3,4,4,5,3,5,2,3,5,4,3,4,2,3,4,3,3,4,1,5,3,3,4,4,4,4,4,4,2,5,4,4,3,5,5,2,2,4,5,4,3,2,1,3,2,3,4,4,4,4,2,4,4,3,5,4,3,1,3,1,3,4,3,2,4,2,5,1,3,3,2,2,2,2,2,3,2,2,3,5,3,4,3,2,4,3
"112",129,"Female",1999,1,5,2,1,1,4,4,4,2,5,3,5,5,4,4,5,2,5,5,5,3,4,5,1,1,5,2,5,2,1,5,5,5,5,5,3,4,4,5,5,1,5,4,3,1,2,4,2,1,1,1,5,5,5,2,2,1,2,5,5,4,5,5,2,4,3,1,1,4,2,1,5,5,1,1,4,5,1,3,2,1,3,5,2,4,5,5,5,4,4
"113",130,"Female",1999,1,4,2,2,1,1,4,4,2,3,4,2,2,4,2,4,2,2,4,2,1,1,5,4,3,4,5,2,3,5,4,2,2,5,3,3,1,2,2,4,2,3,5,4,4,2,3,1,2,4,4,4,2,3,4,4,2,2,4,2,4,4,5,2,4,2,4,2,4,5,1,2,3,2,4,3,1,2,3,5,3,2,2,3,5,4,2,2,2,4
"114",131,"Female",1999,3,4,2,2,2,3,4,2,2,5,3,2,4,2,4,4,5,4,4,5,2,1,2,1,1,3,2,2,2,4,5,4,4,5,4,3,1,4,4,4,4,4,4,2,2,2,1,2,1,1,4,4,5,4,1,3,3,2,4,3,4,4,4,4,4,3,4,2,1,5,4,5,5,3,4,4,2,1,3,5,2,4,4,5,4,5,5,2,5,4
"115",132,"Female",1998,4,5,2,4,2,4,4,4,2,4,2,4,4,2,2,3,3,4,2,4,4,2,4,4,1,2,2,3,3,2,2,4,3,4,4,2,2,4,2,4,2,3,4,3,2,4,2,2,2,2,2,5,4,2,1,3,4,4,2,3,4,2,4,2,4,4,2,3,3,4,2,2,5,4,3,3,4,4,4,4,3,3,4,4,4,4,4,4,5,2
"116",134,"Female",1999,4,5,2,4,1,3,5,2,4,4,1,2,4,4,4,2,2,4,4,2,4,1,3,4,3,2,5,2,4,2,3,5,4,2,3,3,2,5,2,4,4,3,5,4,3,4,1,2,2,2,2,5,5,2,3,4,4,2,3,4,4,2,5,4,2,5,4,4,4,5,3,2,3,4,4,2,4,3,3,4,3,2,3,5,4,4,4,4,3,4
"117",135,"Male",1998,4,2,2,5,4,4,2,5,5,4,2,4,4,1,2,4,5,4,4,4,2,5,5,5,2,2,5,5,5,2,5,4,3,5,4,3,5,4,4,4,4,5,4,5,1,5,5,2,4,3,4,2,2,2,2,4,2,5,2,2,4,1,2,1,1,4,2,2,1,1,1,1,4,4,1,1,4,1,3,1,1,1,5,1,4,2,3,2,4,1
"118",136,"Female",1999,4,5,5,2,5,3,5,5,2,5,2,5,5,5,1,1,2,1,5,2,4,4,5,2,4,5,3,5,2,5,4,4,1,5,5,1,4,4,3,5,4,5,5,2,2,5,5,5,2,4,3,5,4,2,5,5,2,5,4,2,1,4,1,1,4,4,1,5,4,2,1,4,2,1,1,4,1,2,5,2,1,4,4,1,1,4,2,3,1,1
"119",137,"Female",1999,5,5,2,5,2,4,5,1,5,5,1,1,5,1,4,1,5,5,2,5,5,3,2,5,1,3,5,2,5,2,1,4,4,1,4,2,1,5,1,5,5,3,5,5,2,5,1,2,5,2,2,5,5,1,3,5,5,2,1,4,4,1,4,5,1,5,5,5,1,3,4,1,5,3,4,1,4,5,4,5,3,1,4,5,4,1,4,4,3,4
"120",138,"Female",1999,1,3,4,2,2,1,5,4,2,4,1,2,4,2,3,5,4,4,5,4,1,1,5,2,5,4,4,2,4,4,5,4,2,5,4,4,1,2,2,4,1,4,4,4,2,4,1,1,2,2,4,5,2,2,2,2,4,2,1,4,2,4,4,2,4,5,4,1,2,5,1,4,1,2,4,2,2,1,2,5,2,2,4,5,5,4,4,2,4,4
"121",139,"Female",1999,4,4,2,1,2,4,5,4,2,5,2,3,3,4,3,3,5,3,5,5,4,4,4,2,1,4,5,3,2,1,4,4,3,4,5,2,2,2,5,5,2,4,2,1,3,4,3,2,1,1,3,2,4,5,1,3,4,5,4,5,4,5,4,2,4,4,3,3,1,2,2,4,5,2,3,4,5,2,4,4,2,5,3,3,4,5,5,3,5,1
"122",140,"Female",1999,3,4,4,4,4,2,5,3,4,5,2,2,4,3,5,3,1,4,4,4,2,1,4,3,1,3,4,2,4,4,4,4,2,3,4,5,3,4,2,4,3,2,4,4,2,3,1,3,3,2,5,4,5,3,2,4,4,4,3,4,2,2,2,3,2,4,4,3,5,5,2,3,5,3,4,2,2,2,1,3,4,2,4,5,3,3,4,1,4,2
"123",141,"Female",1999,2,4,4,2,4,4,4,4,2,2,4,4,2,3,2,4,1,2,4,2,4,3,5,2,2,4,2,4,4,4,4,2,2,4,3,2,2,2,4,3,2,4,3,2,2,3,2,3,1,4,3,4,4,4,2,2,3,3,3,2,2,4,2,2,4,2,2,2,5,3,1,4,4,2,2,2,2,2,4,4,2,4,4,4,3,5,2,3,4,3
"124",142,"Female",1999,4,5,2,2,3,3,5,2,2,4,2,4,5,3,4,2,4,4,5,4,5,2,2,4,2,2,4,4,2,3,4,4,4,5,4,4,2,4,4,5,4,5,5,4,2,4,4,2,2,2,2,4,4,4,4,4,3,2,4,3,4,4,3,4,4,4,2,4,2,4,4,2,4,4,2,4,3,2,2,4,1,2,4,2,4,4,4,4,2,4
"125",143,"Male",1998,2,5,1,3,1,3,5,2,3,4,1,3,4,4,5,4,1,4,4,5,3,1,1,3,2,4,3,4,1,1,5,4,5,4,5,3,3,4,3,4,2,4,4,3,1,1,1,1,2,1,3,4,5,3,1,3,1,2,2,3,5,3,5,4,3,5,3,2,5,5,5,3,4,2,2,5,5,1,3,3,2,3,5,5,5,4,5,3,5,4
"126",144,"Female",2000,5,5,2,4,2,5,5,5,5,5,1,5,5,4,5,1,1,5,4,5,5,3,5,5,1,2,5,5,4,1,4,5,5,5,5,2,3,5,4,5,5,5,5,4,1,4,4,1,2,2,1,5,4,2,1,5,5,4,5,5,4,2,4,1,1,5,1,5,5,3,1,1,5,4,1,2,5,2,4,3,1,2,5,2,5,4,4,5,5,2
"127",145,"Female",1999,4,2,2,4,3,4,4,3,2,3,2,2,4,4,4,2,3,4,3,3,4,3,4,4,3,2,2,2,4,4,2,3,4,4,3,2,2,4,2,3,4,4,4,4,4,4,3,2,2,4,2,4,4,1,4,3,3,3,2,3,4,2,3,3,4,4,4,4,3,3,2,2,3,4,4,2,2,4,4,4,2,2,2,3,4,4,2,4,2,3
"128",146,"Female",2000,4,5,4,3,2,3,5,5,5,5,1,3,4,2,4,2,1,2,2,5,4,4,3,4,1,4,3,2,4,1,4,4,2,3,4,3,1,3,1,4,4,3,5,4,1,5,1,2,4,1,2,4,3,2,1,4,3,4,2,4,2,3,4,1,1,5,3,4,5,2,3,2,5,2,4,2,5,2,3,5,3,2,5,5,4,2,5,4,5,2
"129",147,"Male",2000,5,5,4,5,1,4,5,5,5,5,5,2,4,4,4,4,4,2,4,5,5,2,4,5,2,4,4,4,4,2,4,5,2,2,5,4,1,4,4,4,4,4,5,5,2,4,4,4,4,2,3,5,2,4,3,3,4,3,5,5,2,1,5,1,1,1,4,2,2,4,2,1,4,2,2,2,4,2,2,5,2,1,4,2,2,2,4,3,3,3
"130",149,"Female",1998,5,5,1,2,1,5,5,1,4,5,1,2,5,2,5,1,2,5,5,5,5,2,1,5,1,1,5,1,4,1,2,5,5,5,5,1,2,5,2,5,5,4,5,2,1,5,1,1,1,1,1,5,5,1,1,5,5,2,4,5,5,4,5,5,2,5,4,5,4,4,5,1,5,5,5,2,5,4,5,4,2,4,5,5,5,5,5,5,5,4
"131",150,"Female",1992,1,4,4,4,4,1,5,2,4,4,3,5,5,5,4,5,1,5,4,1,1,4,1,4,1,2,3,2,1,3,5,5,5,5,1,2,1,5,4,5,1,5,5,2,1,1,1,1,1,2,3,5,4,5,1,3,4,1,4,5,2,2,2,4,2,3,1,1,5,2,5,2,5,4,4,5,3,1,4,5,1,4,5,5,5,5,4,3,5,5
"132",151,"Female",1999,4,5,4,2,2,3,5,4,1,4,4,2,4,4,4,5,1,5,4,4,2,1,4,4,3,5,4,3,2,2,5,2,4,5,2,4,4,4,3,5,4,5,4,4,1,2,2,1,4,2,3,5,4,3,2,4,5,4,4,4,2,4,4,2,5,2,4,1,5,5,2,2,3,1,3,4,4,1,2,2,1,2,5,4,5,2,4,3,4,2
"133",152,"Male",1998,5,4,1,2,4,5,4,2,4,5,2,4,4,4,2,1,1,4,5,4,5,5,2,5,1,4,1,4,2,5,4,2,4,2,4,1,5,3,2,5,4,4,4,2,4,5,4,2,3,5,1,2,5,2,2,2,1,5,5,2,5,4,2,4,2,4,2,5,5,1,4,1,5,2,2,4,1,2,5,1,2,4,2,2,4,3,1,5,4,1
"134",153,"Female",1999,3,4,3,4,3,3,5,3,3,4,2,2,3,2,4,4,5,3,2,2,2,1,3,3,2,4,4,3,4,3,4,4,3,4,2,3,1,4,1,3,3,2,4,4,4,2,1,2,3,3,2,5,2,1,2,3,3,3,2,4,3,2,3,3,3,4,4,2,1,5,3,3,4,2,3,2,3,2,3,5,4,2,2,5,4,3,3,4,4,3
"135",154,"Female",1999,4,4,4,2,4,2,5,5,2,4,1,4,4,4,4,4,1,5,4,5,2,2,5,2,2,2,3,4,3,2,4,3,4,4,4,3,2,4,2,4,3,2,4,2,4,5,2,2,1,4,4,5,2,2,2,3,4,4,4,3,2,4,2,1,4,5,2,2,5,4,1,4,4,4,2,3,4,2,3,4,4,4,2,4,4,5,2,2,4,2
"136",155,"Male",1997,4,4,3,4,3,3,4,4,3,4,3,3,4,2,3,4,4,3,2,3,3,3,4,4,2,2,3,3,4,3,3,4,2,2,4,3,3,3,2,3,3,3,4,4,3,4,2,3,4,3,3,4,3,2,2,4,4,3,2,3,3,2,3,2,3,3,3,2,2,3,2,2,4,4,3,2,3,3,3,3,3,2,3,4,3,2,3,3,4,3
"137",156,"Male",1995,2,2,4,1,3,2,5,5,3,5,1,3,1,5,3,5,4,5,3,4,2,3,5,2,3,4,4,5,1,4,5,3,2,5,3,4,3,2,5,5,1,5,1,1,2,2,3,2,1,5,5,5,5,5,3,3,4,4,3,2,2,5,3,1,3,5,3,1,2,3,1,4,3,2,1,5,2,1,2,3,1,5,4,3,4,5,1,1,3,2
"138",157,"Female",1999,5,5,2,2,1,5,5,2,5,5,1,3,5,3,1,1,5,5,1,5,1,1,5,5,1,4,5,1,4,1,1,5,5,4,5,4,1,3,1,5,5,2,5,5,1,5,1,3,4,2,5,5,5,1,5,5,5,1,1,5,4,4,5,4,1,5,3,5,1,5,1,1,5,2,5,2,5,5,2,5,4,1,5,5,3,2,4,1,1,5
"139",158,"Female",1999,5,2,1,4,4,5,5,2,2,2,1,4,4,2,2,2,1,5,2,2,5,2,2,2,5,1,4,2,1,2,1,5,3,2,4,1,4,5,2,2,2,2,5,3,1,4,1,3,2,1,1,5,5,3,2,4,5,1,5,4,5,2,2,4,4,5,2,4,5,4,4,4,1,5,4,5,4,5,5,2,4,3,5,5,3,4,5,5,4,5
"140",159,"Male",1998,4,4,2,3,2,4,5,4,4,4,3,2,3,4,4,4,4,4,4,4,3,2,1,4,1,3,4,3,2,2,3,4,4,4,5,3,1,5,4,4,4,4,4,4,2,4,3,1,2,2,3,5,5,4,2,4,3,1,4,4,4,3,4,2,2,3,4,2,2,4,5,2,5,3,3,4,4,3,3,5,2,2,4,3,5,4,4,3,4,5
"141",160,"Male",2000,4,1,1,1,3,5,3,1,3,5,1,4,5,4,5,1,5,4,5,2,5,5,1,5,1,1,2,5,2,2,3,2,5,2,2,3,4,5,1,5,5,1,5,2,1,4,2,1,4,4,2,4,4,1,3,5,3,5,3,5,5,5,3,5,3,5,2,5,1,1,5,1,5,5,1,4,4,3,3,2,5,4,5,4,5,2,2,4,3,1
"142",162,"Female",1999,2,5,1,3,1,2,5,1,3,4,2,2,4,2,4,5,3,4,2,5,3,2,2,5,2,4,5,3,4,3,4,4,4,2,5,2,1,4,1,3,3,2,4,4,1,2,1,1,3,2,2,5,5,3,2,2,4,2,2,4,5,3,5,5,3,4,4,1,3,4,4,1,4,2,3,2,3,2,4,5,4,2,5,5,5,3,4,4,4,4
"143",163,"Male",1996,4,3,4,2,3,3,5,4,3,5,2,3,4,2,3,5,3,4,4,4,2,4,5,5,4,3,2,4,2,4,5,3,3,3,3,2,4,3,4,3,3,2,3,3,2,4,4,2,2,3,3,2,3,3,2,3,4,3,4,3,2,4,3,2,3,4,3,1,3,2,1,1,2,3,2,4,2,1,4,2,4,3,4,2,4,4,3,3,4,3
"144",164,"Female",1998,5,5,1,2,2,5,5,4,4,5,1,1,1,2,5,4,5,5,4,5,3,2,1,5,2,2,5,2,4,5,4,5,4,5,5,2,1,5,4,5,5,2,5,5,2,5,2,2,5,5,2,5,5,4,5,5,5,2,4,5,5,4,4,2,2,5,5,2,1,4,5,1,4,4,4,2,1,2,4,5,4,1,4,4,4,1,1,4,1,4
"145",165,"Female",1998,1,4,1,2,3,2,5,4,2,4,2,2,4,2,3,5,3,5,3,4,1,1,5,5,2,5,4,4,4,3,5,4,5,4,4,2,1,2,2,4,3,2,4,4,3,1,3,2,2,3,5,5,4,4,2,2,5,2,2,4,5,4,3,2,4,4,4,1,3,5,1,1,4,1,2,2,3,1,4,5,4,2,3,3,4,4,3,1,4,4
"146",166,"Female",1999,4,4,4,4,2,3,5,3,4,5,2,2,4,3,4,2,2,5,3,4,4,2,2,4,2,2,5,4,3,2,2,5,5,4,5,3,2,4,1,4,4,4,4,5,2,4,1,1,2,1,2,4,5,2,2,4,5,4,1,4,2,2,4,3,2,4,4,4,4,4,4,2,4,4,2,3,4,4,3,4,2,1,4,5,5,4,5,4,4,2
"147",167,"Female",1998,2,3,3,1,3,2,5,4,2,5,3,4,3,4,3,4,4,3,4,3,2,1,4,5,3,3,2,3,2,4,4,3,3,5,3,3,1,3,5,3,3,5,3,3,4,3,4,3,1,2,4,5,5,4,5,3,3,2,4,4,3,5,3,2,4,3,2,2,2,5,2,1,3,3,3,4,2,2,3,5,1,3,2,2,3,5,4,2,1,4
"148",168,"Female",1999,4,5,2,4,1,3,5,1,5,4,1,1,5,2,5,3,5,4,4,3,1,1,2,4,3,1,5,2,5,1,2,4,3,2,4,3,1,4,1,3,4,2,4,4,2,4,1,2,2,2,2,5,4,1,2,4,5,2,1,4,4,2,5,5,1,5,5,3,1,5,4,2,3,5,4,1,5,4,3,5,4,2,4,5,4,4,4,4,4,4
"149",170,"Male",1985,3,4,2,4,1,5,5,3,4,5,2,3,3,5,5,2,1,5,5,5,5,1,2,3,1,3,5,1,3,1,4,4,4,4,5,1,1,5,3,5,3,3,4,4,1,3,4,2,4,1,1,4,5,3,1,4,3,4,2,5,4,2,5,3,2,4,3,4,5,5,4,3,5,3,5,3,5,2,5,5,3,2,5,2,4,2,5,5,5,2
"150",172,"Female",1997,4,4,1,4,2,4,5,1,4,5,1,2,5,1,5,3,1,5,2,5,3,1,4,4,2,1,3,2,3,2,3,4,5,4,5,2,2,4,2,4,4,3,5,3,1,3,2,2,3,2,3,4,5,3,2,4,4,2,3,4,5,2,4,5,2,5,4,3,5,5,2,2,4,5,4,3,4,3,4,4,3,3,5,4,4,3,4,3,4,4
"151",174,"Female",1999,2,5,4,2,1,2,5,3,4,4,2,1,3,3,1,4,1,4,2,5,1,1,4,2,3,4,4,3,4,2,5,4,3,2,4,4,2,2,2,1,3,2,3,4,2,3,1,2,2,3,3,5,5,3,2,5,4,2,3,4,2,4,5,3,2,4,5,2,5,5,2,4,3,2,3,2,4,1,2,4,4,2,4,5,4,4,3,3,4,4
"152",175,"Female",1999,4,5,5,4,1,4,4,2,5,3,2,3,4,3,3,3,1,5,4,5,4,2,2,3,2,2,5,2,4,2,4,4,5,4,5,2,1,5,1,4,5,2,4,5,2,5,2,1,3,1,2,5,5,2,2,5,3,1,4,4,1,2,5,4,1,4,3,3,5,4,4,3,4,4,4,2,4,2,4,5,4,1,4,4,5,3,5,4,4,5
"153",176,"Male",1998,3,5,2,2,2,4,5,3,3,5,2,2,5,3,2,4,1,2,3,5,4,1,2,4,1,1,5,1,2,1,5,5,5,5,5,1,2,4,4,4,5,1,5,2,2,1,1,1,1,1,2,5,5,5,1,4,5,2,4,4,4,4,4,3,3,4,4,2,5,5,4,2,5,5,5,4,5,1,5,4,5,4,4,5,5,5,5,4,5,4
"154",178,"Female",1999,5,5,2,2,1,5,5,3,2,5,1,4,4,2,3,1,1,5,3,5,5,1,5,4,1,1,5,1,1,2,2,4,4,5,4,2,3,4,2,5,5,4,5,2,1,5,1,4,1,2,2,5,5,2,1,5,4,4,5,4,4,4,5,3,4,5,2,5,5,5,1,2,5,5,5,5,4,4,4,3,2,4,5,5,2,5,4,4,5,2
"155",179,"Female",1999,1,5,3,1,5,1,5,4,5,3,3,3,3,3,3,5,4,3,5,5,1,3,3,4,3,3,3,4,3,5,5,3,3,5,5,5,1,3,3,3,2,4,4,3,3,1,1,3,2,5,2,5,4,4,3,3,3,3,2,3,3,5,1,2,1,3,3,1,2,3,3,2,3,3,2,3,1,1,1,5,2,3,3,5,3,4,1,4,3,3
"156",180,"Male",1999,3,4,1,5,4,3,4,3,4,4,4,2,4,3,4,4,4,4,1,3,4,2,2,4,3,2,4,2,4,3,5,4,2,1,3,2,2,5,4,4,4,2,4,4,1,3,1,1,2,5,3,4,4,3,4,3,4,2,3,4,5,1,2,3,2,2,4,2,2,4,4,2,3,4,4,2,3,1,4,4,4,2,5,5,5,4,1,3,2,4
"157",181,"Female",1998,4,5,3,4,1,3,5,4,5,5,2,2,5,2,5,3,1,3,2,5,3,2,4,4,1,4,5,2,5,1,3,4,3,2,5,3,2,3,2,4,4,2,5,4,1,4,1,3,5,1,3,5,4,2,2,5,4,2,3,5,3,2,5,2,1,4,4,3,5,4,2,2,5,2,4,1,5,3,3,4,4,2,5,5,3,1,5,3,4,4
"158",182,"Female",1996,2,5,2,4,4,2,5,2,5,4,2,2,4,3,4,5,5,4,4,5,2,3,2,5,1,3,4,4,4,2,5,5,5,4,4,1,2,4,2,5,4,3,4,3,1,2,1,2,2,1,2,5,4,4,1,5,2,4,2,5,4,2,2,4,1,4,4,1,1,3,4,1,5,3,2,2,4,1,5,4,3,3,5,5,4,4,5,4,5,2
"159",184,"Female",1995,4,4,1,4,1,4,4,1,4,4,1,4,4,4,5,1,5,5,2,4,4,2,3,2,4,1,5,2,4,1,2,4,5,2,5,2,2,5,2,2,5,2,4,4,1,5,1,1,4,2,2,4,5,2,1,5,5,2,4,4,5,2,5,5,2,5,2,5,1,4,3,4,2,5,4,2,5,4,4,4,4,2,5,5,5,2,4,4,5,4
"160",185,"Female",1996,4,4,5,2,1,4,4,5,4,5,1,4,4,5,4,2,2,2,4,5,4,4,4,2,2,2,4,5,1,2,4,2,1,5,5,4,4,2,4,4,5,5,2,2,2,4,5,5,1,2,4,4,3,3,1,4,4,5,4,4,1,4,5,1,2,5,2,4,4,2,2,4,4,4,1,5,4,2,2,2,1,4,4,1,1,5,4,2,5,1
"161",186,"Female",1999,4,4,4,2,1,2,4,3,3,4,2,2,4,2,4,2,5,2,4,5,4,3,2,3,2,3,3,3,4,1,3,4,2,4,4,2,3,4,3,4,4,2,4,3,1,5,1,4,2,1,3,4,3,3,1,5,4,3,2,5,2,4,5,3,3,4,4,4,1,3,4,3,4,3,3,2,5,3,4,3,4,3,5,5,2,4,5,3,5,3
"162",188,"Female",1996,4,5,3,4,1,3,5,1,3,5,1,2,4,4,4,3,1,4,4,5,2,2,2,3,1,2,5,2,3,1,4,4,4,4,5,2,1,4,5,4,4,3,4,2,1,5,1,1,2,1,1,5,4,4,1,5,5,2,4,5,3,2,5,5,3,5,4,3,5,4,4,3,5,4,4,3,5,2,4,5,3,4,5,5,5,4,5,5,5,4
"163",189,"Female",1998,4,4,2,2,4,1,4,4,4,4,1,3,3,2,4,5,2,4,4,2,1,2,4,2,3,2,4,2,3,4,5,4,2,4,4,4,2,3,2,2,3,4,5,3,2,3,2,4,2,4,4,4,4,2,2,4,3,2,2,2,4,4,2,2,2,5,3,1,4,4,2,4,3,4,4,3,2,1,2,4,2,3,4,4,2,4,2,2,4,4
"164",190,"Female",1998,2,3,1,2,2,2,5,1,1,5,4,3,2,5,4,5,3,5,5,5,4,4,2,5,1,4,2,2,1,4,4,3,5,5,5,2,2,4,4,4,1,4,4,4,1,2,3,1,1,3,3,5,4,4,2,2,4,1,5,3,5,4,4,5,5,2,3,1,3,2,4,1,5,2,4,5,2,2,4,4,2,2,5,3,5,5,3,3,4,5
"165",191,"Female",1999,3,5,1,5,4,5,5,4,4,3,3,4,5,2,5,4,3,4,2,3,4,1,3,5,1,1,4,2,4,2,3,5,5,4,4,1,1,5,2,5,3,4,5,5,2,4,4,1,4,3,1,5,4,1,2,4,5,1,1,4,5,1,2,2,2,3,2,2,3,5,3,1,5,5,4,2,4,3,5,5,2,1,4,2,5,2,3,5,4,5
"166",192,"Female",1999,3,3,3,4,4,4,4,5,2,3,3,4,2,5,3,3,2,4,3,4,2,2,2,2,4,4,2,5,2,2,5,3,3,5,4,3,3,3,5,4,3,4,3,4,1,3,5,2,3,3,3,4,2,4,4,3,3,4,3,4,3,2,2,1,4,3,2,3,4,4,4,4,2,2,1,4,4,1,3,3,2,2,5,1,4,3,3,3,2,2
"167",193,"Female",1999,5,4,2,2,4,2,5,3,3,4,3,3,5,4,2,2,2,5,3,4,3,2,2,4,3,2,3,1,4,3,3,2,4,4,4,2,3,3,3,4,3,4,4,3,2,3,1,2,2,2,4,5,3,3,3,3,5,2,3,3,4,4,2,3,3,3,3,4,4,4,4,2,3,4,5,2,3,3,4,3,2,3,4,5,4,4,4,2,3,4
"168",194,"Female",1999,3,5,2,4,3,3,5,4,4,4,2,3,5,4,4,4,2,5,4,4,3,2,3,4,2,3,5,2,3,2,5,4,4,3,5,4,2,4,1,4,4,4,4,4,2,5,1,2,3,3,4,5,5,2,2,4,4,2,4,4,4,2,3,2,2,4,3,2,4,4,3,2,4,3,4,3,4,1,2,4,2,2,4,5,4,3,3,2,4,4
"169",195,"Female",1997,3,3,4,3,2,3,4,4,3,5,4,3,3,4,4,4,2,4,4,5,2,2,4,2,2,3,3,4,3,2,4,3,3,5,5,2,2,3,3,4,3,4,3,3,1,2,3,2,2,2,2,3,2,3,2,3,2,2,3,5,2,3,4,2,3,2,3,2,4,4,2,4,4,3,2,3,4,2,4,4,2,3,5,3,4,4,4,4,4,4
"170",196,"Female",1999,5,4,3,3,3,4,4,3,4,4,2,3,5,4,3,2,5,4,2,3,4,3,4,2,3,3,5,2,2,2,1,5,3,4,3,4,2,4,3,2,4,1,5,3,1,5,1,2,4,2,2,4,5,4,3,5,5,2,4,3,3,3,3,3,2,4,3,4,1,3,2,4,3,3,4,4,4,5,2,4,5,3,5,5,4,2,4,4,3,4
"171",198,"Male",1999,5,5,2,2,1,4,4,2,2,4,2,4,5,4,4,2,1,2,4,4,4,4,4,4,1,2,4,3,4,2,1,4,3,4,2,2,3,4,2,4,4,5,4,4,3,5,2,3,2,1,2,5,3,2,2,5,2,4,2,5,4,4,5,4,4,4,2,4,5,2,2,2,5,4,3,2,4,5,4,3,1,2,3,4,3,4,5,4,4,2
"172",199,"Female",1999,2,4,4,1,2,2,4,3,4,5,3,2,4,4,3,4,5,4,5,5,3,3,4,3,1,2,4,2,2,3,5,3,2,2,4,1,4,4,3,5,2,3,4,2,1,3,3,5,2,1,3,4,5,3,1,3,4,2,4,4,2,5,4,3,2,3,4,2,1,3,2,3,5,4,4,4,3,1,5,2,3,4,5,3,1,4,5,3,5,4
"173",200,"Female",1998,2,4,1,4,1,4,5,1,4,5,2,2,5,4,4,4,1,4,4,5,3,4,3,1,1,1,4,2,2,2,5,4,4,2,5,2,4,4,5,3,4,1,5,2,3,4,4,1,1,1,1,4,5,4,1,2,5,2,1,1,5,2,5,5,2,4,4,2,5,2,3,5,5,5,4,4,4,1,4,2,5,4,3,2,5,5,5,5,5,4
"174",201,"Female",1999,4,4,2,3,1,4,4,3,4,4,1,4,4,2,4,3,4,4,2,5,4,1,4,4,2,2,4,3,3,1,5,4,4,3,5,4,2,3,3,5,4,3,4,4,2,3,1,1,2,1,4,1,4,3,2,4,4,4,2,4,4,3,5,3,2,5,2,3,2,5,2,2,4,4,3,3,5,1,2,4,3,2,4,5,5,4,5,2,4,2
"175",202,"Male",2000,3,3,2,3,5,3,5,2,4,4,4,2,5,1,4,5,4,4,4,4,5,1,2,5,2,3,4,2,5,4,4,3,4,2,5,2,2,4,3,5,2,5,4,4,2,2,3,1,4,3,1,4,5,3,2,2,2,1,1,4,4,3,1,4,2,2,4,1,2,5,4,1,4,3,4,1,2,2,4,4,1,2,4,3,5,2,3,5,4,5
"176",203,"Female",1999,4,4,1,5,4,4,4,3,4,5,1,3,4,4,4,2,2,4,2,4,4,4,4,3,3,1,4,4,3,2,2,3,5,4,4,3,4,4,2,3,5,4,4,2,2,5,4,1,4,3,2,4,3,2,2,4,4,1,4,3,5,1,2,3,2,5,3,4,4,2,2,3,3,5,2,3,4,4,3,2,2,4,4,2,5,2,3,4,4,5
"177",204,"Female",1999,4,4,4,3,3,3,5,5,2,5,4,2,4,4,4,3,5,2,2,2,2,4,5,1,2,4,5,3,2,2,3,5,2,4,3,3,1,2,4,4,2,2,5,3,2,3,2,2,2,4,4,5,1,3,2,3,4,2,3,4,2,3,3,1,4,2,4,3,1,2,1,5,4,2,3,4,4,3,3,5,4,3,4,4,4,4,2,2,4,4
"178",205,"Female",1999,5,5,1,4,2,4,5,2,5,5,1,1,4,1,2,2,5,4,2,5,4,2,4,5,1,1,5,3,2,2,2,4,5,1,3,2,1,4,2,4,5,2,4,4,2,4,1,1,4,1,2,4,4,1,1,5,5,3,1,3,5,2,4,4,1,5,5,4,1,4,2,1,5,5,3,4,4,4,4,5,4,2,4,5,5,2,5,4,5,3
"179",206,"Female",1999,4,3,2,1,4,5,5,1,2,5,2,2,4,4,5,3,1,5,4,4,4,3,4,3,1,4,4,4,3,5,4,4,4,5,4,2,3,5,3,5,1,1,5,3,4,2,4,1,2,2,3,4,4,4,2,3,3,3,2,4,4,5,2,5,4,4,4,3,5,3,2,3,5,2,2,3,1,2,4,3,5,3,2,2,5,4,4,3,4,3
"180",207,"Female",1999,5,4,3,3,3,3,5,3,4,5,2,4,5,4,4,1,1,3,3,4,3,4,4,4,1,2,5,4,3,3,3,4,2,3,4,2,3,4,2,5,5,4,5,3,2,5,1,4,3,4,3,5,5,2,2,5,3,1,3,4,3,3,3,3,2,4,2,5,5,2,2,2,5,4,2,3,3,3,4,3,2,3,4,5,2,3,2,3,4,5
"181",208,"Female",2000,5,5,5,2,2,5,5,5,1,5,4,4,4,5,2,1,4,2,5,5,4,1,5,3,1,4,4,4,1,2,4,5,1,2,5,2,4,2,2,5,2,4,4,1,3,5,5,5,4,1,2,5,2,2,1,4,3,4,5,3,1,4,4,1,5,2,2,5,2,5,1,3,5,2,2,5,4,2,4,2,2,5,3,1,1,2,5,4,5,2
"182",211,"Female",2000,3,4,4,3,1,4,5,3,2,5,2,4,3,4,4,4,1,4,4,5,1,1,2,1,4,4,5,5,2,1,4,4,3,5,5,3,1,4,3,5,4,4,4,5,1,1,1,1,1,2,5,5,5,3,3,4,4,4,5,3,2,3,5,3,4,4,2,2,5,5,4,5,2,2,1,4,5,2,3,5,2,1,5,5,5,5,4,1,3,2
"183",212,"Female",1999,3,4,2,4,3,3,5,4,4,4,2,2,4,4,3,4,5,3,3,4,2,1,4,4,3,4,4,3,3,3,5,4,3,3,4,3,2,4,3,3,4,3,4,3,3,3,1,2,4,2,4,4,4,3,3,4,4,3,4,3,4,2,3,2,2,4,4,2,1,5,2,2,3,2,3,3,3,1,3,4,3,3,3,5,4,2,4,2,3,3
"184",213,"Female",1999,4,5,2,3,2,4,5,2,4,5,1,2,5,2,4,2,5,3,3,5,3,2,2,4,1,2,4,2,4,1,2,5,4,4,5,2,1,5,1,5,4,2,5,5,1,5,1,2,1,1,3,5,5,1,1,5,4,2,2,5,4,3,4,4,2,5,4,4,1,4,4,2,5,4,4,2,5,4,4,5,4,1,5,5,4,5,5,3,5,4
"185",214,"Female",1999,1,4,3,3,4,2,4,5,4,4,4,4,2,4,4,4,4,4,4,4,2,2,5,2,3,4,4,4,3,2,5,4,4,5,4,5,4,2,4,3,2,4,2,2,4,2,4,2,1,2,4,4,2,4,3,2,4,4,3,4,3,3,2,1,2,2,2,2,2,4,1,4,3,2,2,3,4,1,1,2,2,4,2,2,4,5,4,2,3,2
"186",215,"Female",1999,5,5,3,2,5,3,5,4,2,4,2,3,4,4,4,2,1,4,4,4,4,1,4,4,1,2,4,3,2,4,3,4,4,4,4,2,1,4,4,5,4,2,4,2,4,5,1,2,2,3,4,4,5,4,4,4,5,4,4,3,3,4,1,2,4,4,3,4,5,5,2,2,5,4,3,4,2,3,4,5,4,4,2,5,4,4,3,2,2,2
"187",216,"Male",1998,3,3,4,2,2,4,4,2,3,5,2,3,4,1,3,2,2,3,4,4,4,2,2,3,1,3,4,4,4,2,4,4,2,4,4,2,4,4,2,4,3,4,4,4,1,3,2,4,2,2,2,4,4,2,1,4,2,5,2,3,2,4,4,4,3,4,3,4,4,4,4,3,5,3,2,2,4,2,4,2,2,2,5,4,2,4,4,4,5,1
"188",217,"Female",1998,5,5,4,3,4,4,5,5,4,4,2,1,4,3,3,3,2,2,4,4,2,1,4,4,4,2,5,4,3,2,4,4,3,4,4,2,2,4,2,4,3,4,4,4,1,4,2,4,3,2,2,5,4,2,3,4,4,2,4,4,2,3,2,1,2,4,5,3,4,5,2,2,2,4,2,3,4,2,4,4,2,2,5,4,2,3,4,4,3,4
"189",218,"Male",2000,4,3,2,4,2,4,5,2,3,5,2,4,4,4,5,2,4,4,4,2,5,4,2,2,2,3,2,4,2,3,4,4,4,4,4,4,2,4,4,5,4,4,4,2,1,4,3,5,3,5,2,4,4,4,5,4,2,4,4,3,4,2,4,4,3,4,2,4,2,2,4,4,4,3,2,4,3,2,2,4,2,4,5,3,1,3,1,4,1,2
"190",219,"Male",1999,2,4,2,2,3,4,4,4,3,4,3,4,4,2,4,4,2,4,4,4,3,2,3,2,2,2,3,3,3,4,4,3,4,4,4,3,3,4,3,4,2,4,4,4,2,2,3,1,2,3,2,4,4,3,2,2,3,3,2,4,4,4,3,2,3,3,2,2,4,4,3,4,4,4,3,3,2,2,3,3,2,2,4,3,5,4,3,4,4,3
"191",220,"Female",1998,4,5,2,2,3,2,5,3,4,4,3,3,4,3,3,3,1,4,5,4,4,3,4,3,2,3,4,2,3,2,4,4,4,5,3,2,2,5,3,4,3,4,4,3,2,3,1,4,2,2,3,5,4,3,4,3,4,2,3,4,4,4,3,3,2,3,3,3,5,3,2,3,4,3,4,3,4,2,4,4,2,3,4,5,2,4,4,3,2,4
"192",221,"Male",1998,1,3,4,4,5,4,5,4,4,4,5,1,4,2,4,4,2,4,3,2,1,2,4,4,1,4,4,3,4,4,4,3,4,4,2,5,1,4,1,4,2,4,4,3,4,2,3,2,4,4,4,5,4,1,3,2,2,3,2,2,2,2,1,2,2,1,5,2,4,4,2,2,5,2,3,2,2,2,1,5,2,3,2,3,4,2,2,2,3,3
"193",222,"Female",1999,4,4,4,2,4,4,4,4,2,5,4,4,3,4,4,2,1,4,4,4,4,2,4,4,1,2,2,4,2,4,5,4,2,5,4,4,4,2,4,5,2,4,2,2,2,4,2,4,1,4,2,4,4,4,4,4,4,2,4,2,2,4,2,2,4,2,2,4,5,4,2,2,5,4,2,4,2,1,2,2,2,4,4,4,2,5,2,4,2,4
"194",223,"Female",1998,4,3,4,3,2,3,2,4,3,4,3,3,3,3,4,3,2,3,3,5,3,3,4,3,4,3,4,3,2,2,3,2,2,3,4,3,3,3,2,3,2,3,3,3,3,3,4,5,3,2,2,2,3,3,3,3,3,4,3,3,2,3,4,2,3,3,3,3,4,3,2,3,2,3,3,4,4,3,3,3,3,3,3,2,1,3,4,4,3,2
"195",225,"Female",1996,4,5,4,3,2,3,3,3,4,4,4,1,4,3,3,3,1,3,4,3,2,2,5,3,2,3,5,3,2,2,4,3,3,5,3,4,1,3,5,3,2,2,4,2,2,3,1,3,1,2,3,4,3,5,2,4,4,4,2,4,2,3,4,3,2,2,5,3,5,4,1,3,4,3,3,4,4,2,2,5,4,4,4,5,3,5,4,3,4,2
"196",226,"Female",1996,5,5,2,1,4,2,5,4,4,5,1,3,5,1,4,2,1,4,2,5,2,4,2,4,1,5,5,2,4,1,2,5,4,5,5,2,1,4,2,5,4,4,5,4,2,5,1,1,1,2,4,4,4,2,3,5,4,1,4,4,4,5,2,2,2,5,3,4,5,2,4,2,5,1,4,2,5,4,4,5,2,2,4,5,5,5,4,2,3,5
"197",227,"Male",1999,5,4,2,3,4,4,5,3,5,3,2,2,4,2,3,1,4,3,4,5,4,2,4,5,2,1,4,2,4,2,2,5,4,1,4,3,2,4,2,4,4,2,4,5,2,4,1,2,4,2,2,5,4,3,3,4,3,2,1,3,4,3,2,3,1,4,4,5,2,4,2,1,4,5,4,2,4,4,3,4,4,1,4,5,4,2,4,4,3,4
"198",228,"Male",1999,4,5,2,2,4,4,4,3,4,4,2,2,2,4,2,2,4,5,5,5,2,4,5,2,3,2,4,5,1,4,5,2,4,5,3,3,3,4,2,4,3,5,4,1,1,5,5,1,1,3,3,4,4,5,4,4,2,3,5,3,4,4,2,3,2,4,4,4,2,2,1,4,3,4,1,5,2,1,3,3,1,5,5,1,5,5,3,3,2,3
"199",230,"Female",1998,2,5,3,4,1,3,5,4,3,5,3,4,4,3,3,4,2,3,3,5,3,3,3,5,2,4,3,3,5,2,4,4,3,4,5,3,1,3,4,5,3,4,5,4,2,3,3,2,3,1,3,5,3,3,2,3,2,3,3,3,3,2,5,2,3,3,2,2,4,3,3,1,4,2,3,1,4,2,3,5,2,2,4,3,4,3,5,3,4,3
"200",231,"Female",2000,4,4,2,2,2,4,5,3,3,4,2,3,4,2,3,2,5,4,2,4,4,2,4,4,2,2,4,2,3,2,2,4,4,4,4,2,2,3,2,4,3,2,5,4,3,5,2,2,2,2,2,5,4,2,2,4,4,2,3,4,4,4,4,3,3,4,3,4,1,4,2,2,4,4,4,3,4,4,4,4,4,2,3,4,4,4,4,4,4,4
"201",234,"Female",1999,1,5,2,1,1,2,5,5,3,5,4,2,5,3,4,5,5,5,4,5,1,1,5,3,4,5,4,4,4,1,5,3,4,5,5,5,2,3,4,3,2,4,4,2,1,1,4,2,1,2,5,5,4,4,2,2,4,3,5,2,4,5,5,1,3,2,4,1,1,5,1,3,2,1,2,2,5,1,1,4,2,4,5,2,4,5,4,1,4,3
"202",235,"Male",1998,2,4,2,4,2,3,4,5,4,4,3,4,4,3,4,4,5,5,3,4,3,2,3,4,2,3,4,4,3,4,4,3,5,5,3,4,2,3,3,4,3,4,4,5,4,2,4,1,4,3,3,5,4,2,4,4,2,3,3,4,4,2,4,1,2,3,2,2,1,4,3,2,4,3,2,3,2,2,2,4,2,1,2,2,5,2,3,3,2,3
"203",236,"Female",2000,4,4,2,4,2,4,4,3,2,4,2,4,2,5,4,2,1,3,3,2,3,4,5,3,2,4,2,4,2,2,2,4,2,4,4,3,2,2,3,4,3,4,3,2,2,5,2,3,3,4,4,5,4,4,4,4,2,4,4,3,4,2,4,3,4,4,2,4,5,2,1,3,4,2,2,4,4,4,3,4,2,4,4,4,3,3,2,2,2,2
"204",238,"Female",1998,3,4,2,2,4,4,5,4,4,3,2,4,3,5,3,2,4,4,3,3,2,2,4,2,4,3,4,2,2,4,4,3,5,4,3,4,4,2,5,1,3,2,4,3,2,3,3,1,2,3,2,4,4,4,4,3,3,2,4,3,4,4,2,2,2,4,2,4,2,4,2,4,2,3,4,4,2,2,2,2,4,3,4,3,5,4,3,4,2,4
"205",239,"Female",1999,5,5,1,2,2,5,5,1,5,5,1,1,4,1,4,1,1,5,4,4,4,4,3,5,1,4,5,1,5,2,1,4,4,3,3,3,1,4,1,4,5,1,5,5,1,5,1,1,2,2,5,5,4,1,1,5,5,4,1,4,5,4,4,5,1,5,5,5,5,2,3,1,5,2,5,1,4,5,3,5,5,1,5,5,5,4,4,1,5,2
"206",240,"Female",1999,4,4,2,3,2,4,4,3,2,3,1,1,4,1,2,3,4,4,1,2,2,2,2,4,4,2,4,3,4,4,4,3,4,1,3,4,2,3,1,2,4,1,4,4,2,4,1,2,5,4,4,5,3,1,2,4,4,3,2,3,4,3,4,3,4,5,5,3,2,4,4,2,2,4,3,2,2,2,2,4,5,2,4,5,4,1,2,2,4,3
"207",241,"Female",1999,5,4,2,3,3,4,4,3,5,4,2,1,4,4,4,2,4,4,4,2,5,2,3,4,4,5,3,2,3,2,2,4,4,3,4,2,4,4,3,3,4,4,4,4,3,4,3,2,2,2,2,4,3,2,3,4,5,2,3,3,4,3,3,3,1,4,5,4,2,4,3,2,2,1,4,3,4,4,4,2,2,2,3,3,4,4,4,4,3,4
"208",242,"Female",1989,2,5,2,3,1,2,5,2,4,4,4,4,4,4,2,4,1,3,4,5,2,2,4,4,1,2,2,1,3,2,4,5,4,5,5,5,2,4,4,5,2,4,5,4,2,4,2,1,2,1,4,4,5,3,1,2,4,4,4,4,4,3,5,4,2,2,2,2,5,4,2,2,5,4,5,3,4,2,1,4,2,2,4,4,5,4,5,2,5,2
"209",243,"Female",1998,4,5,4,4,4,4,4,5,4,5,2,1,4,3,5,4,5,2,3,2,4,1,4,4,1,1,5,5,5,1,4,2,1,2,3,1,1,1,1,2,4,5,4,4,1,5,2,5,5,2,3,4,2,2,1,5,5,1,3,4,2,2,2,1,2,4,5,2,1,5,2,2,5,5,1,1,5,2,5,5,1,2,5,4,1,1,4,3,5,5
"210",244,"Female",1999,5,5,4,1,2,3,5,4,5,4,1,2,4,2,4,2,1,2,3,5,3,2,4,4,2,3,5,4,2,2,2,4,3,5,4,2,3,4,3,4,5,3,4,3,2,5,2,4,2,1,4,5,3,3,2,5,4,4,5,4,2,5,4,2,1,5,4,4,5,4,2,2,4,3,2,4,4,4,4,3,3,3,4,4,2,4,5,2,4,2
"211",245,"Female",1999,3,5,2,3,4,2,5,4,4,4,3,2,4,3,3,3,4,5,4,2,4,1,3,4,2,2,5,2,2,2,2,4,3,3,3,3,1,4,2,3,4,2,5,2,3,4,2,2,3,2,2,5,5,2,3,3,4,1,4,4,4,3,2,2,2,3,4,3,2,5,3,2,4,4,4,4,4,4,3,5,4,4,3,4,4,3,4,4,3,5
"212",246,"Male",1999,2,4,3,2,2,2,3,4,4,5,3,2,3,4,4,3,1,2,4,5,5,4,4,4,1,4,4,5,2,3,4,4,2,4,4,2,1,2,2,4,2,4,3,3,2,3,2,4,3,1,2,5,3,3,2,3,4,1,3,4,3,4,4,2,2,3,4,3,5,2,2,2,5,2,1,4,3,2,4,5,2,3,4,4,2,3,5,4,4,5
"213",247,"Female",1999,4,4,4,2,1,4,5,4,2,4,2,2,4,4,4,2,1,3,4,5,2,2,5,3,2,5,4,4,3,2,4,4,3,4,4,2,4,3,4,4,2,3,4,2,2,4,2,2,2,2,4,4,3,4,2,4,3,4,3,4,2,4,5,2,4,4,4,4,5,4,1,3,4,1,2,3,4,2,4,2,3,4,4,4,4,4,4,2,4,2
"214",248,"Female",1998,1,2,5,4,2,1,4,5,2,4,4,2,4,4,2,5,1,1,4,4,1,1,4,2,4,4,2,2,2,2,5,4,2,4,4,5,4,1,5,1,1,4,4,4,2,1,4,4,2,2,5,4,2,5,2,2,2,4,4,3,1,2,4,1,4,2,4,1,5,5,2,4,2,2,4,4,4,1,1,2,2,2,4,2,2,4,4,1,4,2
"215",250,"Male",1996,4,4,4,4,3,5,5,4,4,5,1,4,5,1,5,2,1,2,4,4,3,5,4,3,1,4,2,2,4,2,3,1,2,2,3,2,4,4,2,5,3,4,5,5,1,4,3,4,4,4,2,5,2,3,1,3,2,4,2,5,2,2,3,2,2,5,2,4,5,1,2,3,5,2,4,2,4,3,4,2,2,1,5,3,2,2,2,4,5,2
"216",252,"Female",1999,4,5,3,5,1,2,5,2,2,4,4,1,4,5,3,1,2,4,4,5,3,2,5,5,3,2,4,4,2,3,1,4,4,5,4,1,1,2,5,5,2,4,5,4,4,3,4,2,3,2,3,5,2,4,2,4,3,1,5,4,3,1,5,4,4,2,5,5,4,4,1,1,3,4,2,4,3,5,5,5,2,2,2,2,4,3,4,3,4,5
"217",253,"Female",2000,4,5,2,4,1,4,5,1,5,5,1,4,5,5,5,4,3,4,5,5,4,4,2,5,2,4,5,4,4,1,5,3,2,5,5,2,4,5,4,5,5,5,4,4,1,5,5,4,3,2,2,5,5,2,3,5,4,1,5,5,4,2,5,5,1,5,2,2,3,2,4,1,4,2,2,2,5,1,4,2,1,2,5,1,2,3,4,4,3,5
"218",255,"Female",1995,5,5,4,2,1,4,5,4,3,4,2,4,3,4,4,2,2,3,5,5,5,3,4,3,2,4,3,4,2,2,2,5,3,4,5,1,3,5,4,4,3,4,3,4,1,5,3,4,2,2,2,5,3,4,1,5,3,2,5,5,2,4,5,2,3,4,2,4,4,3,2,3,4,2,2,4,4,4,5,3,2,2,5,3,2,4,4,4,5,4
"219",257,"Male",1999,3,5,3,5,5,3,5,4,4,4,2,3,5,1,3,5,4,4,3,3,3,2,4,5,2,1,4,4,5,4,4,4,4,2,3,3,2,4,1,3,4,4,5,5,1,4,4,2,5,4,4,5,5,1,3,4,3,4,1,3,3,1,1,2,2,4,3,1,2,4,2,1,4,5,2,1,2,2,3,4,2,1,5,2,4,1,2,2,3,2
"220",258,"Female",1997,2,5,1,4,2,4,5,2,4,5,1,2,5,2,4,4,1,5,4,4,4,1,1,4,2,4,5,2,4,2,5,4,4,5,5,2,1,5,2,5,2,2,5,4,1,4,1,1,2,1,2,5,4,2,2,4,5,2,2,4,5,2,4,4,2,5,4,2,5,5,5,2,4,2,4,2,4,1,4,5,4,2,5,5,5,4,5,4,4,4
"221",259,"Male",1998,3,4,1,2,2,2,4,4,3,5,1,2,4,2,5,4,4,5,3,4,2,2,3,4,2,2,5,2,3,1,4,3,5,4,4,3,3,4,2,4,4,3,4,4,1,3,2,1,3,4,3,4,4,3,2,4,3,4,2,4,5,4,4,2,3,5,4,2,2,4,3,2,4,4,4,3,5,2,3,3,3,2,5,4,5,3,2,3,4,2
"222",261,"Female",2000,4,5,2,2,4,3,4,4,3,4,2,2,5,3,2,2,1,4,2,4,2,2,3,4,4,4,5,3,4,3,2,3,3,4,5,3,3,4,3,3,3,3,5,4,3,4,3,3,2,3,4,4,4,3,5,3,4,3,4,3,4,4,2,2,3,4,4,4,5,4,3,2,2,2,3,2,3,4,3,3,3,2,3,3,3,4,3,2,1,3
"223",263,"Female",1997,3,4,2,4,3,4,5,3,3,3,2,1,4,2,4,3,3,4,4,3,2,1,3,4,2,2,5,2,4,4,4,4,4,2,3,3,1,4,1,2,4,3,4,4,3,3,2,2,3,3,4,4,4,2,4,3,4,3,2,4,4,2,3,3,3,4,5,3,3,5,3,2,4,4,4,2,2,2,3,5,3,2,3,4,4,3,3,2,2,3
"224",264,"Female",1999,1,4,3,2,4,2,4,3,1,2,2,4,4,3,4,5,4,3,3,5,3,1,4,5,2,4,4,4,2,4,5,3,2,4,5,4,3,2,4,3,2,3,4,4,3,1,4,4,2,3,3,4,2,5,4,1,2,2,4,4,3,4,2,3,5,4,2,1,2,5,2,1,4,2,2,4,2,1,2,3,3,2,3,2,2,4,3,3,2,4
"225",265,"Female",1999,4,4,3,5,2,5,5,2,5,4,2,4,4,2,4,2,4,1,4,5,4,3,4,4,2,2,4,4,4,2,3,4,1,2,4,2,2,3,4,3,3,3,5,4,1,5,3,3,2,2,2,4,3,3,2,4,4,2,2,3,3,1,4,4,1,4,2,4,2,3,2,2,4,4,2,2,4,3,4,4,3,2,5,3,3,4,4,4,4,4
"226",266,"Female",2000,5,5,2,4,3,5,5,3,4,5,1,2,4,2,4,1,1,5,3,2,5,2,3,4,3,1,4,1,4,2,2,4,3,4,3,3,2,4,2,5,5,5,5,4,2,5,2,3,4,3,1,5,5,1,3,5,4,2,3,3,4,2,3,3,2,5,4,5,5,4,3,2,3,5,5,2,4,4,3,4,1,2,4,4,3,2,3,5,3,4
"227",267,"Male",1996,1,3,2,4,4,2,4,2,4,4,2,1,5,1,3,5,3,3,3,1,3,2,3,3,2,4,4,3,5,2,4,3,3,2,4,4,2,4,2,4,3,3,4,4,2,1,3,1,4,5,3,4,4,1,4,3,3,2,1,3,4,2,2,4,2,4,5,1,3,4,3,3,4,2,3,1,4,2,2,4,3,2,4,3,5,2,1,3,2,4
"228",268,"Female",1999,3,4,2,4,3,3,4,4,3,3,4,3,4,5,3,4,3,2,3,4,3,3,3,5,3,4,4,5,4,3,3,4,5,4,4,3,4,3,3,3,3,3,4,2,3,3,3,1,4,2,2,3,4,3,4,2,4,4,4,3,4,2,3,2,3,2,3,2,3,3,3,1,3,2,1,2,3,3,3,2,3,4,3,3,5,2,4,4,2,2
"229",269,"Female",1997,3,5,2,2,1,3,5,3,2,5,2,1,4,5,5,4,1,4,4,5,1,2,5,1,1,4,2,4,2,1,5,4,4,4,5,3,3,4,5,5,2,4,4,3,1,2,2,2,1,1,5,5,2,4,2,4,1,1,4,5,4,4,5,3,4,4,5,2,5,4,1,5,5,2,2,4,5,1,3,3,2,3,5,4,4,5,5,1,4,5
"230",270,"Female",1999,2,4,5,2,4,1,5,4,4,5,2,4,2,4,3,5,2,2,4,3,1,1,1,1,4,5,5,5,2,2,5,4,3,5,4,5,4,2,4,2,2,4,2,2,4,3,2,1,1,2,4,5,3,4,3,3,4,4,4,4,1,4,2,2,2,4,2,1,4,5,5,5,2,1,1,4,4,1,1,2,2,4,2,4,5,5,4,2,3,2
"231",271,"Female",2000,5,5,4,3,5,5,4,4,4,5,1,3,3,5,5,3,5,4,3,5,5,3,3,4,2,1,5,4,2,2,4,3,3,4,4,2,4,3,4,5,5,5,4,2,5,5,4,4,2,2,3,4,2,5,1,5,5,4,4,5,2,3,1,2,2,5,3,3,1,3,3,2,4,5,2,4,4,2,4,2,1,4,1,2,2,4,4,3,5,2
"232",273,"Male",1999,5,5,2,5,1,5,5,4,5,5,1,3,5,1,5,1,4,5,4,5,5,4,4,5,1,2,4,4,5,2,1,4,3,1,5,1,1,5,2,5,5,4,5,5,1,5,3,4,5,1,1,5,4,2,1,5,4,4,1,4,4,1,5,2,1,5,3,5,2,2,2,1,5,4,2,1,4,5,5,5,2,1,5,3,2,1,5,5,5,2
"233",274,"Female",1998,5,5,1,1,4,3,5,4,4,5,2,4,4,2,2,2,1,4,4,5,3,3,4,2,1,3,4,2,2,2,4,3,2,5,4,2,4,4,4,5,2,4,4,3,2,4,2,4,1,1,3,5,5,4,4,4,4,4,2,2,5,5,2,2,2,4,2,4,5,3,2,4,5,3,4,4,4,2,4,2,2,3,4,4,2,5,5,3,2,2
"234",275,"Male",1999,4,4,1,4,1,5,5,3,4,5,2,4,5,2,4,5,3,3,4,5,4,5,2,5,1,1,1,4,5,2,5,4,4,1,5,1,5,5,2,5,3,4,5,5,1,4,5,2,4,2,2,2,5,1,1,2,2,5,1,5,5,2,5,3,2,4,2,1,3,1,4,1,5,5,2,1,4,1,5,1,2,1,5,1,4,2,4,4,5,1
"235",276,"Male",1999,2,2,3,3,2,4,3,3,2,2,2,2,2,3,3,2,3,2,4,2,2,2,2,3,2,2,3,3,3,3,2,3,2,2,2,3,2,3,3,4,3,3,3,3,3,3,2,3,3,4,1,3,2,2,4,3,2,3,3,3,3,3,4,3,4,4,4,4,3,4,4,3,4,4,3,3,3,4,3,4,3,3,3,4,3,3,2,5,2,3
"236",277,"Female",1999,2,5,2,3,3,3,4,4,4,4,2,2,3,3,2,4,1,4,3,4,2,2,3,2,2,2,4,3,3,2,5,4,4,2,5,3,1,4,2,2,4,3,3,3,2,1,2,2,2,1,4,5,2,3,2,4,4,2,2,3,4,3,3,2,2,4,4,2,5,4,3,4,4,4,3,3,4,1,3,5,3,3,4,4,4,4,5,2,4,4
"237",279,"Female",1997,2,5,4,5,1,1,4,5,3,4,2,2,4,2,1,5,1,2,3,5,2,2,4,4,3,4,5,4,5,2,5,4,2,1,4,3,2,4,1,1,1,2,4,5,2,2,2,4,2,2,4,3,4,1,4,2,4,4,1,1,2,1,5,1,3,4,4,1,5,4,2,2,3,2,2,1,4,1,3,4,4,1,4,4,2,4,4,2,2,2
"238",280,"Female",1997,4,4,2,4,2,4,5,3,3,4,2,2,3,3,4,2,2,4,3,4,5,3,2,4,3,2,3,3,4,2,2,4,4,3,4,2,2,4,2,4,3,3,4,5,1,4,2,1,2,1,2,4,4,2,2,3,4,3,1,4,4,2,4,3,3,4,4,4,4,3,4,2,3,4,3,2,4,4,4,4,3,1,5,4,5,4,5,4,4,3
"239",281,"Male",1999,5,5,3,4,1,3,5,4,5,5,3,3,5,3,2,5,1,5,4,5,4,3,4,4,1,2,5,4,5,4,4,4,5,2,5,2,4,3,4,5,4,4,3,3,1,2,2,1,4,1,2,5,5,4,1,5,3,3,4,5,3,2,5,2,1,3,3,1,5,3,2,2,5,4,2,1,2,2,4,2,2,3,5,4,5,2,5,4,5,3
"240",282,"Female",1998,3,4,2,4,4,2,4,3,5,4,2,2,4,2,2,4,2,4,4,4,2,2,3,2,2,3,5,2,3,3,5,4,4,3,4,3,3,3,4,3,3,3,4,4,2,3,2,1,2,3,3,4,4,2,3,3,5,3,1,2,4,2,2,3,1,4,4,2,4,4,3,4,4,3,4,3,3,1,3,3,3,2,4,4,5,4,3,3,3,3
"241",283,"Female",1997,2,2,4,2,3,2,4,5,4,3,3,4,3,2,3,5,4,4,2,4,2,2,5,2,2,5,3,2,4,3,4,3,3,4,4,4,3,2,4,3,2,4,2,4,2,3,4,3,1,3,3,4,2,4,4,2,2,3,3,4,2,4,3,1,2,3,2,1,2,4,1,4,4,1,4,2,3,2,2,3,2,2,4,2,3,5,3,3,2,3
"242",284,"Female",1999,4,4,5,3,5,2,4,4,5,4,1,3,2,3,5,2,2,2,2,5,2,2,4,4,1,3,4,4,4,1,2,1,2,4,4,2,4,2,2,4,3,1,4,2,1,5,2,4,2,2,3,4,2,2,1,4,4,4,3,5,1,3,1,2,1,5,3,4,4,4,2,2,5,3,2,2,5,4,4,2,5,4,5,4,2,4,4,3,5,2
"243",285,"Female",1989,5,4,2,5,2,5,4,1,4,4,1,3,5,3,4,2,5,5,2,5,4,4,2,4,2,2,5,2,5,2,2,4,5,1,5,2,4,5,1,4,5,1,5,5,2,5,4,1,5,2,2,4,5,1,2,5,5,4,2,4,4,1,4,5,2,5,3,4,1,2,4,2,4,4,4,1,4,4,4,2,5,1,4,2,5,1,4,4,4,2
"244",286,"Female",2000,4,5,2,3,1,3,5,3,3,5,1,1,4,3,4,4,5,5,4,5,4,4,5,2,1,4,5,2,3,1,5,4,4,5,5,2,2,4,2,5,4,2,4,2,1,4,1,3,2,1,2,5,4,2,2,4,4,4,5,4,4,3,5,3,3,5,5,2,1,2,1,4,5,2,4,3,5,1,4,4,4,4,5,5,3,4,5,4,4,2
"245",287,"Male",1999,4,4,4,5,2,4,5,4,4,4,2,3,4,1,5,4,4,2,2,4,3,2,2,4,1,2,5,4,5,2,4,4,2,1,4,3,3,4,2,5,3,3,4,5,2,3,2,4,4,3,3,5,4,2,2,4,4,4,1,4,2,1,4,2,2,4,3,2,2,4,4,2,5,4,2,1,4,2,3,3,3,1,4,4,2,2,3,3,4,2
"246",288,"Male",1994,4,5,2,3,2,3,5,3,3,4,4,1,4,3,4,4,1,4,3,4,2,1,3,1,3,4,4,3,3,2,4,5,4,5,4,4,1,3,5,4,3,3,5,2,3,4,1,1,2,2,3,5,4,5,3,4,5,2,3,4,4,3,4,3,3,2,5,2,5,5,3,5,3,2,3,3,4,2,2,5,3,4,3,5,5,4,4,3,3,4
"247",289,"Female",2000,2,5,1,4,3,4,5,3,5,5,1,2,5,2,5,4,1,5,2,4,1,1,2,3,5,2,5,1,4,4,4,5,5,4,4,4,2,5,3,3,4,3,5,4,1,3,1,1,2,3,4,5,5,1,2,4,5,2,1,2,5,2,3,3,1,5,4,2,5,5,4,3,1,4,5,2,2,2,2,4,3,2,5,5,5,4,3,2,4,4
"248",290,"Female",1998,3,4,2,4,2,4,4,4,3,4,2,3,3,4,4,3,4,4,3,5,4,3,3,4,2,2,3,2,2,4,4,4,2,2,4,1,3,3,1,5,4,3,4,3,1,4,2,3,4,1,3,3,3,2,2,5,4,4,4,4,4,2,4,2,3,4,3,3,2,3,3,2,4,4,4,4,2,2,5,3,3,3,5,4,3,2,5,3,4,2
"249",292,"Female",1999,4,4,5,1,2,2,5,4,3,5,1,4,4,4,3,3,1,4,5,3,1,1,4,4,4,2,3,5,5,4,4,4,2,5,4,4,1,3,3,4,4,4,4,5,2,2,2,2,2,3,5,4,3,2,2,4,4,4,3,2,1,5,4,2,3,5,2,3,5,5,2,2,2,4,1,1,2,2,2,5,2,1,4,4,4,4,3,1,4,2
"250",293,"Male",1998,5,5,4,4,4,5,5,4,5,4,1,5,3,5,2,3,1,3,4,4,4,2,4,4,3,2,5,5,2,2,3,5,2,4,4,3,4,2,2,4,5,3,3,4,2,4,1,3,4,5,2,5,5,2,2,5,5,4,5,3,2,2,2,2,1,5,1,3,5,4,2,2,3,4,1,4,4,3,3,2,3,2,4,5,3,2,1,4,4,2
"251",294,"Female",2000,4,5,4,5,1,4,5,4,4,5,1,1,3,4,5,4,1,3,3,3,4,4,2,5,1,3,5,4,4,1,4,5,3,5,3,2,1,4,2,5,4,4,4,5,2,3,1,4,3,1,2,5,4,2,1,5,5,4,4,4,2,1,5,2,2,5,5,2,5,2,4,1,5,3,2,2,5,2,4,5,2,1,4,5,2,3,5,4,5,2
"252",295,"Female",1998,3,4,2,2,3,3,4,3,2,4,3,2,4,4,4,3,2,4,3,4,3,4,2,4,2,3,4,2,2,2,3,4,3,5,4,3,2,4,4,4,2,4,4,3,2,4,2,3,3,3,3,4,3,3,3,3,4,4,4,4,4,4,3,3,4,3,4,3,4,2,4,2,4,3,4,4,4,3,3,4,2,3,4,4,3,3,3,3,3,2
"253",296,"Female",1998,4,4,3,4,3,3,4,4,4,4,1,3,4,4,3,2,1,3,4,4,3,1,4,5,2,2,2,3,4,4,4,3,3,3,2,4,2,3,2,3,3,4,3,4,2,4,2,2,2,3,4,5,3,2,4,3,4,3,2,3,3,2,3,2,2,5,3,4,5,5,2,1,4,4,3,2,2,2,2,4,2,2,4,4,4,4,3,2,2,3
"254",297,"Female",1998,4,5,2,2,5,3,5,2,3,5,1,4,4,4,2,3,1,2,4,5,4,3,5,2,2,2,3,1,1,1,5,5,3,4,5,2,4,2,3,5,5,2,4,2,1,4,1,2,2,1,3,5,3,3,1,4,4,2,5,4,4,4,1,4,3,5,2,3,5,3,1,4,4,4,5,5,5,1,4,2,4,4,5,5,4,4,5,3,5,4
"255",298,"Female",2000,5,4,1,5,2,2,5,2,4,5,1,2,5,1,4,2,2,5,4,5,4,1,3,4,2,1,4,2,5,1,2,4,4,2,5,1,1,5,1,5,5,2,4,5,1,5,2,2,4,2,2,5,5,1,2,5,4,2,1,5,5,1,4,4,2,5,4,4,4,5,3,2,4,5,4,1,5,4,5,5,4,1,5,4,4,2,4,4,4,4
"256",299,"Male",1998,4,4,2,4,2,3,4,3,4,4,2,3,4,2,4,4,2,4,3,4,2,2,1,5,2,2,4,4,4,3,4,4,4,3,4,3,4,4,2,4,4,1,4,5,2,5,3,3,3,4,3,4,4,2,2,3,3,1,2,4,4,2,4,3,2,4,3,2,4,4,5,1,4,4,2,2,3,2,3,2,5,1,4,3,3,3,2,3,4,5
"257",301,"Female",1999,3,5,2,3,5,3,5,3,4,5,1,1,4,5,2,3,1,5,3,1,4,1,2,4,2,2,5,1,1,4,5,5,3,4,1,1,1,5,1,4,5,1,5,1,5,5,1,1,2,4,1,5,5,1,1,5,5,1,5,2,4,3,1,3,2,5,5,3,5,5,4,2,4,4,5,5,2,1,5,5,5,5,1,5,5,4,2,5,5,5
"258",302,"Female",1998,3,4,2,2,2,4,4,4,2,5,2,5,4,2,2,1,5,2,5,2,4,5,4,2,3,2,4,2,3,4,3,4,2,4,3,4,5,3,5,3,2,5,4,4,4,4,4,4,1,4,2,4,3,2,4,4,2,5,3,2,4,4,4,2,4,4,1,5,1,1,2,4,3,4,4,3,2,3,2,1,1,2,2,2,2,5,2,4,2,1
"259",303,"Female",1999,5,5,4,1,5,4,5,4,5,5,1,2,2,5,2,2,1,1,2,5,4,1,5,1,2,1,5,1,1,1,4,5,2,5,5,1,2,1,2,2,5,1,4,2,1,5,1,4,2,3,4,5,2,4,5,5,5,4,5,5,2,5,1,2,1,5,4,4,5,5,1,5,4,5,5,5,5,2,5,4,5,4,5,5,2,4,3,2,1,2
"260",304,"Female",1996,3,3,2,3,4,3,4,4,4,4,2,3,3,4,3,3,4,3,5,4,3,4,4,2,3,3,2,3,3,4,2,3,4,4,4,3,4,3,2,4,2,4,3,2,2,3,4,2,2,4,3,4,4,2,2,4,4,4,3,3,4,3,2,2,2,4,3,3,2,2,2,4,3,3,3,3,2,4,3,2,2,4,4,2,4,4,2,3,4,2
"261",305,"Male",1998,1,3,2,4,4,3,4,4,3,4,4,1,4,2,1,4,4,4,4,2,2,1,3,4,4,4,4,4,4,4,4,4,4,2,4,2,2,4,2,2,2,4,4,4,2,2,3,2,4,2,4,4,4,1,4,2,4,4,2,2,4,2,2,2,3,2,5,2,2,5,3,2,2,2,2,2,2,2,4,4,2,2,4,3,4,2,4,2,2,2
"262",306,"Female",1999,3,5,4,2,1,3,4,4,3,3,3,2,3,3,3,4,5,3,3,3,3,2,3,2,4,3,5,4,1,1,4,5,2,4,4,2,1,3,3,4,3,4,4,4,2,3,4,3,2,2,4,5,2,3,3,3,4,4,5,4,2,4,5,2,3,3,4,2,1,4,3,4,2,3,2,5,5,2,4,5,2,2,4,2,3,4,4,2,3,2
"263",308,"Female",1999,1,4,4,2,2,2,4,4,2,5,4,4,4,4,4,5,2,4,4,4,1,2,5,2,2,5,5,5,1,2,5,4,2,4,4,4,4,2,5,5,2,4,4,2,2,1,2,5,1,4,5,4,2,5,2,4,2,5,5,4,2,4,4,2,4,2,2,1,4,4,1,4,4,1,1,5,4,1,2,2,2,4,4,4,1,5,2,1,4,1
"264",309,"Female",1999,5,5,1,2,2,2,5,3,3,5,1,2,5,3,4,3,5,4,5,4,4,1,2,4,2,1,4,2,4,2,3,5,4,4,1,2,2,4,3,4,2,4,5,4,1,5,1,2,2,2,2,4,4,2,2,4,4,1,2,4,5,4,4,3,3,5,4,3,1,5,4,2,4,5,4,2,4,3,4,4,2,2,5,5,4,4,4,4,4,5
"265",310,"Male",2000,2,3,3,2,2,1,4,3,4,4,2,3,3,4,4,4,4,2,3,4,1,1,4,5,2,2,4,4,4,2,4,4,2,4,3,4,2,4,2,4,3,4,3,4,2,2,3,3,2,2,4,4,3,2,2,3,4,3,3,4,3,4,4,3,2,4,3,2,2,5,2,1,4,4,2,2,4,2,2,4,2,2,4,3,3,4,4,2,4,3
"266",311,"Male",2000,2,4,3,3,5,2,5,4,4,4,2,3,3,2,1,3,1,4,3,3,2,1,5,4,2,5,5,4,5,4,4,4,2,4,4,4,2,2,2,2,3,2,2,5,1,4,4,1,3,3,4,5,2,2,2,4,2,4,1,1,3,3,1,2,2,4,3,3,5,5,1,2,4,1,2,1,2,2,2,4,4,1,5,2,5,3,3,2,4,2
"267",313,"Male",1996,4,4,3,2,2,4,4,4,4,4,2,3,3,3,2,4,1,4,4,3,4,2,3,2,4,2,5,4,2,4,4,5,4,4,4,4,3,3,4,2,3,2,3,4,3,2,4,2,2,4,2,4,3,4,2,4,4,4,4,2,3,4,4,2,2,4,3,2,5,4,3,4,2,4,2,4,2,2,2,3,4,2,3,2,4,4,2,4,4,2
"268",314,"Male",1999,4,5,5,4,4,1,5,5,2,4,2,1,4,1,4,5,1,2,3,4,1,1,5,4,1,5,5,4,5,4,5,5,2,3,4,2,1,2,2,3,2,2,3,4,4,2,1,4,3,2,5,5,2,2,2,3,4,4,3,4,1,2,2,1,4,4,5,1,5,5,1,2,5,1,2,1,2,1,4,5,4,2,2,5,2,3,4,1,4,2
"269",316,"Female",2000,5,5,1,5,1,5,5,5,4,5,1,4,5,1,5,2,1,4,4,5,2,4,4,5,4,2,4,4,5,1,4,5,5,2,5,1,4,5,1,5,4,4,4,4,1,4,2,1,4,1,4,5,4,1,1,4,4,4,2,5,5,1,5,1,2,5,2,4,5,2,2,1,2,4,2,1,5,2,5,2,2,2,5,4,5,2,5,2,5,2
"270",317,"Female",1999,2,4,4,2,3,2,4,3,2,4,3,4,4,4,4,5,2,4,4,4,4,2,4,1,2,2,4,4,2,2,5,4,3,5,4,2,4,4,5,4,2,3,5,3,2,3,4,2,2,2,2,4,4,5,4,2,4,3,4,4,2,4,3,3,4,3,2,1,4,4,2,5,4,4,2,4,4,1,4,2,3,3,4,2,4,4,4,4,2,3
"271",319,"Female",1999,4,4,4,2,2,4,4,3,2,4,2,3,4,4,4,4,3,4,4,4,4,4,4,4,2,2,4,4,3,4,4,4,4,4,4,3,3,4,4,4,2,4,4,2,3,3,4,2,2,2,2,4,4,4,2,4,3,4,4,4,2,4,4,3,4,4,3,2,3,2,2,2,4,4,2,3,2,2,3,3,2,4,3,2,4,4,4,4,4,2
"272",320,"Male",1997,5,3,2,4,4,5,5,5,4,5,2,4,5,4,5,2,3,2,5,4,3,4,4,5,2,2,5,3,4,4,4,2,3,4,4,3,5,5,2,5,4,4,5,5,1,5,5,2,3,3,2,5,3,3,1,5,4,4,4,4,4,2,2,1,2,4,2,4,3,2,2,1,4,4,3,2,2,2,3,1,2,1,5,1,4,3,3,4,5,2
"273",321,"Male",1998,3,4,3,2,2,3,5,3,2,4,4,3,5,3,3,3,4,5,4,3,4,1,5,3,1,2,4,3,4,3,4,4,3,3,4,4,3,3,4,4,2,4,5,5,3,4,2,2,2,4,2,5,5,4,2,3,4,3,3,3,3,4,4,3,4,2,3,3,2,5,1,3,5,4,3,2,3,2,2,3,2,1,3,4,4,4,2,4,4,3
"274",323,"Female",1999,5,4,4,3,1,4,4,4,4,2,2,3,4,3,4,1,4,2,3,5,4,3,5,5,1,2,5,5,3,2,2,3,2,2,5,2,4,2,4,4,5,3,4,2,2,5,3,2,4,2,3,4,1,4,3,5,3,5,4,5,2,3,5,2,2,4,3,5,2,3,1,1,5,4,1,3,4,4,4,2,3,4,4,3,4,2,4,3,3,1
"275",324,"Female",1998,4,5,2,2,1,4,5,3,3,4,1,4,5,2,4,2,1,3,4,5,3,1,3,4,1,2,5,3,4,2,3,4,2,3,5,2,3,3,4,5,4,3,5,4,1,5,4,1,2,1,2,5,4,2,1,4,4,4,3,4,4,4,5,3,3,5,2,4,5,5,3,2,5,4,3,2,4,3,4,3,3,2,5,2,5,4,5,4,5,2
"276",328,"Female",2000,3,4,3,2,3,3,4,4,4,4,3,2,4,3,4,5,5,3,5,2,2,2,4,4,3,2,3,3,5,3,5,5,5,4,3,3,2,5,4,4,3,2,4,5,4,2,4,2,1,5,3,5,4,2,4,3,5,2,3,4,3,4,3,2,2,3,4,1,1,4,2,2,3,4,3,1,3,1,3,4,4,1,2,2,4,5,1,3,2,4
"277",329,"Female",1998,4,5,3,4,4,2,5,2,4,5,3,2,4,1,4,4,5,4,2,4,2,2,5,1,3,2,5,4,4,3,4,5,4,4,4,3,2,5,3,4,4,3,5,4,2,3,2,3,2,2,2,5,4,2,2,4,5,1,2,3,3,2,2,4,2,3,4,2,1,4,1,5,3,4,2,2,3,2,3,4,3,2,4,4,3,4,4,4,4,5
"278",330,"Male",1999,4,4,2,4,3,4,4,2,4,4,2,3,4,2,4,2,1,4,2,3,4,4,2,4,1,2,4,4,4,2,2,4,4,3,3,2,4,4,2,4,4,2,5,4,3,4,3,2,4,2,2,4,4,1,2,4,4,4,3,3,4,2,3,4,2,4,3,4,5,2,4,2,5,4,2,2,4,4,4,2,4,2,3,3,4,2,4,4,4,2
"279",331,"Male",1998,4,4,2,5,4,2,4,3,4,4,2,2,4,2,3,2,2,4,2,3,2,2,2,4,1,3,5,2,4,2,4,4,4,4,4,3,2,2,2,3,4,3,4,4,3,4,2,2,3,3,4,4,4,2,2,4,5,4,2,2,4,1,2,3,2,4,4,4,4,4,4,2,5,3,4,2,4,2,3,4,3,2,3,4,4,3,3,2,4,2
"280",333,"Female",1999,4,5,2,4,5,4,5,3,4,5,1,2,5,2,3,2,5,3,2,5,3,1,5,4,1,4,4,2,4,2,4,4,3,3,5,2,1,3,2,4,3,1,4,5,1,4,1,1,2,1,3,5,4,2,1,4,4,1,3,4,4,2,1,3,2,5,4,4,1,5,1,2,5,2,4,2,4,2,4,5,5,1,5,5,5,4,5,3,5,5
"281",334,"Female",1998,3,3,3,3,4,3,4,3,5,4,2,3,3,3,5,5,4,2,4,3,3,2,5,4,2,3,4,5,2,4,4,2,3,3,4,2,3,2,3,5,3,2,3,3,2,2,4,2,2,3,3,4,2,4,2,4,5,3,3,4,3,3,2,3,1,4,3,1,2,4,1,2,4,3,1,4,2,2,4,3,4,3,4,2,4,4,3,3,4,3
"282",335,"Female",1999,4,4,2,5,2,2,4,4,4,2,1,4,5,2,2,4,1,5,2,4,2,1,2,4,5,1,4,2,4,4,5,4,4,2,4,3,2,4,2,2,4,5,5,5,4,4,1,2,4,5,4,4,4,1,3,3,4,4,2,2,4,1,4,2,2,5,2,2,5,5,4,2,1,5,4,2,2,1,3,4,1,1,2,5,4,2,1,2,3,2
"283",336,"Male",1996,4,5,3,4,2,3,4,1,4,4,1,3,5,2,4,3,1,4,4,5,4,2,3,4,2,3,3,3,4,2,4,4,2,4,4,3,3,5,3,3,3,3,5,5,3,3,4,2,2,3,2,4,5,2,2,5,3,2,1,5,3,2,4,5,2,5,3,3,5,4,3,2,4,3,3,2,4,2,3,3,3,1,3,2,4,4,3,4,4,4
"284",337,"Female",1999,5,5,4,5,2,4,5,4,4,4,2,2,4,2,3,2,1,2,2,4,4,1,4,4,2,4,5,3,4,2,4,5,2,2,5,2,4,4,2,5,4,2,4,4,2,5,2,4,4,1,2,5,3,2,1,4,5,4,3,3,2,1,4,2,2,4,4,4,5,5,2,2,4,2,3,2,4,2,4,2,4,2,4,4,2,2,5,4,5,2
"285",338,"Female",1999,5,4,4,4,1,4,5,5,4,5,2,2,5,5,5,2,1,3,3,5,4,4,4,5,1,3,4,4,3,1,4,4,2,2,5,2,4,4,2,5,4,3,4,3,1,4,1,4,4,1,2,5,4,2,1,5,4,5,4,5,2,2,5,1,2,4,4,4,5,2,2,1,5,3,2,3,5,2,4,2,3,3,5,5,2,2,5,4,5,1
"286",339,"Female",1999,5,4,1,2,4,4,4,2,5,4,1,2,5,4,2,1,1,5,4,2,5,4,1,5,1,2,5,2,3,4,1,4,5,4,4,2,4,5,1,4,4,2,5,3,3,5,1,1,2,4,1,3,4,2,4,5,4,4,3,2,5,4,2,4,1,5,4,5,5,2,5,1,5,4,4,3,2,5,4,2,4,3,3,5,5,4,2,5,2,2
"287",340,"Female",1998,4,5,2,4,1,2,5,2,4,5,2,2,5,4,4,3,5,3,2,5,4,1,3,5,1,2,4,1,4,1,4,5,3,3,5,2,1,3,3,4,4,4,5,4,1,2,1,2,4,1,3,5,5,2,1,4,4,1,3,3,4,2,5,4,2,4,4,3,1,5,3,1,5,4,5,2,5,2,4,5,2,2,5,5,4,2,5,3,5,5
"288",341,"Female",1996,2,2,5,4,1,4,4,4,3,5,2,4,3,4,4,4,5,4,5,4,2,5,5,5,1,4,4,4,5,1,4,2,2,3,4,3,4,2,1,5,2,4,3,4,1,3,4,4,3,2,4,3,2,2,1,3,3,5,2,4,1,2,5,2,3,4,2,2,1,1,1,1,5,2,2,1,5,2,3,2,2,2,5,2,2,3,4,2,5,1
"289",342,"Female",1999,1,3,1,2,2,1,4,5,2,4,4,4,3,4,1,5,3,5,4,4,1,4,5,3,2,5,2,4,1,2,5,2,4,5,2,5,4,4,2,2,1,4,3,2,2,2,4,2,1,3,5,5,4,2,2,1,2,4,5,1,5,4,4,1,4,2,2,1,3,2,1,3,4,1,2,5,4,1,1,2,2,4,4,2,4,5,3,1,4,2
"290",343,"Male",1999,3,4,3,3,4,4,4,5,3,5,2,4,4,4,5,2,5,3,4,3,4,4,5,5,1,4,4,4,4,3,4,3,1,4,3,2,3,4,3,5,4,4,4,2,3,4,5,4,2,4,2,4,4,2,3,4,2,4,4,4,3,3,2,1,3,4,2,4,1,2,1,1,5,2,2,2,3,2,4,3,2,4,3,1,2,4,2,4,3,2
"291",344,"Female",2000,4,4,2,4,4,3,4,2,4,4,2,2,2,2,4,2,4,2,3,4,3,1,4,4,2,2,4,2,4,4,4,4,3,3,4,3,2,3,2,4,4,2,4,4,2,4,2,3,4,2,3,4,2,2,4,4,4,3,3,4,4,2,2,4,2,4,4,4,2,5,2,2,4,4,4,2,2,2,3,4,4,2,4,4,3,2,4,3,2,3
"292",345,"Female",1999,2,3,5,5,1,4,4,4,4,5,2,2,4,1,4,3,1,2,5,5,3,2,3,3,1,4,4,3,3,3,5,4,4,4,5,4,2,4,3,4,3,4,5,3,3,4,1,1,3,1,2,4,3,4,1,3,3,3,2,4,1,1,5,2,2,4,4,3,5,4,3,3,5,2,3,3,3,1,2,4,2,3,3,5,5,3,5,4,5,3
"293",346,"Male",1998,2,3,4,5,4,4,5,5,5,4,3,3,5,1,4,4,2,3,4,2,4,2,5,5,1,2,4,4,3,1,5,4,3,4,3,2,4,3,2,4,4,4,5,4,2,2,4,2,2,3,1,4,5,2,4,4,3,4,3,4,2,1,2,1,1,3,3,2,4,4,1,1,5,4,2,3,5,1,4,2,2,2,4,2,4,4,3,5,2,2
"294",347,"Male",1992,3,4,5,3,3,1,4,5,3,3,2,1,2,3,4,2,2,4,3,5,1,4,4,4,2,2,5,5,2,2,4,2,1,5,5,2,4,3,4,5,2,2,2,5,2,4,5,2,2,1,5,3,4,4,1,3,5,2,2,5,1,3,3,1,3,4,5,4,4,2,2,2,4,4,1,4,4,2,4,2,4,1,4,1,4,4,5,1,5,4
"295",348,"Male",1996,2,4,2,2,3,3,4,4,2,4,3,2,3,3,4,4,1,3,4,3,4,3,4,4,2,4,4,4,2,2,4,4,2,4,4,3,4,3,3,4,3,4,4,4,3,4,4,2,3,4,3,4,3,2,3,4,4,4,4,4,4,4,3,2,4,3,4,2,5,3,2,2,4,2,2,4,4,2,3,2,2,2,3,2,4,3,2,3,3,2
"296",349,"Female",1999,4,4,3,3,2,3,5,4,3,4,1,2,3,3,3,4,1,4,3,3,4,1,3,2,3,2,2,2,2,2,4,4,3,4,4,4,2,4,3,4,4,4,4,3,2,3,1,4,3,2,3,5,4,1,2,4,4,3,4,4,3,3,4,2,3,5,4,2,5,5,3,4,3,4,4,4,4,2,2,4,2,3,4,5,2,3,4,3,4,3
"297",350,"Female",1999,5,4,5,5,5,5,2,5,1,5,5,4,3,5,5,2,1,1,5,3,5,4,1,5,1,1,5,5,1,1,2,4,1,5,3,3,4,4,5,5,5,5,5,1,2,5,3,4,2,4,5,3,5,5,5,3,4,5,5,3,1,1,1,1,5,1,2,4,5,2,5,1,5,5,1,5,5,4,3,2,1,5,4,3,2,4,2,1,1,1
"298",351,"Male",1999,4,3,2,3,4,4,4,2,4,4,2,3,4,2,2,3,3,4,2,1,4,3,3,5,2,1,3,4,4,4,4,4,4,3,1,2,4,4,2,4,4,3,4,4,4,4,4,2,4,5,2,4,3,2,3,3,3,4,2,3,4,3,2,4,2,4,3,3,3,3,3,1,4,5,2,2,2,2,4,2,3,2,2,2,4,2,1,4,3,2
"299",352,"Female",1998,4,5,4,2,4,3,4,5,2,3,3,4,4,2,2,2,1,3,4,3,2,2,5,2,4,4,4,4,2,4,3,2,4,5,3,2,2,2,4,4,2,4,3,3,3,4,1,2,1,1,4,5,2,4,2,4,4,4,3,2,2,4,2,1,4,3,2,4,5,4,1,4,2,2,2,4,2,3,4,4,2,3,3,5,4,5,5,2,4,2
"300",355,"Female",1999,2,4,5,2,1,1,5,4,4,4,2,2,4,2,3,3,1,1,2,5,3,1,4,2,2,1,5,3,4,1,4,4,2,4,3,2,1,1,1,4,4,2,3,5,1,4,1,4,2,2,3,5,3,2,1,4,4,2,4,4,1,4,5,2,2,4,4,3,5,5,2,4,4,5,3,2,5,2,4,5,4,1,5,5,2,4,4,3,5,4
"301",356,"Male",2000,3,3,3,2,4,2,4,5,2,4,4,2,3,2,4,4,3,2,4,2,2,2,5,3,4,4,4,4,4,4,4,4,4,5,2,4,2,2,4,4,3,4,2,4,3,3,4,1,1,4,4,4,2,4,4,3,2,4,2,2,3,4,2,1,4,2,4,2,3,4,1,3,2,2,2,2,2,2,2,4,2,2,3,2,5,5,2,2,2,2
"302",357,"Female",1998,4,5,4,2,4,4,5,5,4,5,2,4,3,5,2,4,5,4,4,3,4,4,5,4,2,4,3,3,2,3,4,4,3,4,4,2,1,3,2,5,3,5,4,2,1,4,3,2,1,3,2,5,4,2,2,4,4,2,5,2,2,4,2,1,2,4,2,2,1,2,1,2,4,2,3,4,3,2,4,5,1,4,5,3,4,5,3,4,4,4
"303",358,"Male",1999,4,3,4,3,4,4,4,4,3,4,3,4,2,4,3,2,3,3,2,3,4,4,4,3,2,3,2,4,2,4,4,4,2,4,3,2,4,3,3,4,4,4,4,3,3,4,4,2,1,3,4,4,2,4,2,3,2,4,4,2,2,3,2,2,3,3,2,4,3,2,2,3,4,3,2,4,2,2,4,2,2,3,3,2,4,5,3,2,4,2
"304",360,"Male",1998,3,5,2,3,2,3,3,3,5,4,3,4,3,4,2,2,4,4,3,4,4,4,2,3,2,2,2,3,3,4,3,4,3,4,4,2,1,4,3,4,3,3,4,4,1,4,2,2,2,1,3,4,4,4,4,4,3,3,1,4,4,3,4,3,1,3,2,4,2,2,4,3,4,4,3,3,2,3,4,5,3,2,5,4,4,4,5,3,2,3
"305",361,"Female",2000,3,4,4,3,2,2,4,4,2,4,2,2,4,4,3,3,2,2,3,4,3,3,4,3,2,2,4,4,2,3,4,4,2,4,4,3,2,3,3,3,3,3,3,3,2,3,2,3,2,2,4,4,2,3,2,4,4,2,4,3,2,3,4,2,4,4,4,3,4,3,2,3,4,4,2,4,3,2,3,4,3,3,4,4,3,4,4,2,4,4
"306",362,"Female",1998,4,5,2,4,4,3,4,1,4,3,4,4,4,2,3,2,2,5,4,4,2,3,4,4,2,2,4,3,2,3,4,4,4,4,4,3,2,2,1,4,3,4,4,3,3,4,3,2,4,2,3,4,3,2,4,4,4,5,5,4,4,2,2,5,2,2,2,4,4,3,2,2,4,4,3,4,3,2,3,4,2,3,3,3,4,2,4,3,2,1
"307",363,"Male",1997,3,4,4,3,4,3,4,4,3,4,1,4,4,4,3,2,2,3,4,4,3,3,3,4,2,4,4,4,4,2,4,4,2,4,4,3,4,3,4,4,4,4,4,2,1,4,2,3,2,2,4,4,3,1,2,4,2,4,4,4,2,3,2,2,3,5,2,4,4,3,3,2,4,2,2,2,4,2,3,2,2,4,5,4,3,4,4,2,4,2
"308",364,"Male",1997,1,5,5,1,5,3,5,4,4,4,1,1,1,5,4,3,1,1,1,5,1,1,4,1,1,4,1,5,2,1,4,5,1,5,5,1,1,1,2,5,1,5,1,2,1,4,5,3,2,1,5,4,2,5,1,2,2,4,5,4,1,5,1,2,2,5,5,3,5,5,2,5,5,2,1,4,5,2,5,5,1,4,5,1,3,4,5,1,5,2
"309",367,"Female",1999,2,5,3,5,4,3,5,5,1,5,5,2,4,3,4,5,1,3,3,3,1,2,5,5,1,5,4,3,2,3,5,5,2,1,3,3,3,2,4,5,2,4,4,4,1,3,4,2,5,2,5,5,3,4,2,1,5,2,4,4,3,1,2,1,5,1,4,1,5,4,1,1,5,1,3,4,3,1,3,3,2,2,5,2,4,1,4,1,4,4
"310",368,"Male",1998,3,2,2,2,3,3,5,4,2,4,2,4,3,2,3,4,3,2,4,3,1,2,3,4,4,3,3,4,3,3,5,3,3,4,5,4,3,3,3,3,2,3,3,4,1,3,4,4,2,2,4,4,2,4,3,2,3,4,3,2,4,4,3,2,4,4,2,2,3,4,3,2,2,3,2,3,3,1,2,3,3,2,5,2,2,4,4,2,3,2
"311",369,"Female",1999,1,4,5,4,4,2,5,5,4,4,2,4,4,5,4,5,1,2,1,2,2,1,3,4,4,5,4,4,2,2,5,3,1,5,4,2,2,1,2,4,1,1,4,4,1,2,4,5,1,4,2,5,2,2,3,2,2,2,2,3,1,2,2,1,2,4,2,1,5,5,3,2,2,1,2,4,4,1,4,4,5,2,5,2,1,5,2,4,3,4
"312",370,"Male",1999,4,4,5,4,4,2,5,5,2,5,3,3,4,4,2,3,3,4,4,4,4,5,5,4,1,4,2,4,4,5,5,4,2,2,4,4,4,2,3,5,2,2,3,3,4,2,4,2,3,2,4,5,3,3,3,2,3,4,3,2,1,2,2,1,4,3,3,3,3,1,1,2,5,2,2,2,1,1,2,2,4,3,2,2,4,3,4,2,3,2
"313",371,"Male",1998,3,5,2,4,3,3,5,2,5,5,3,3,3,3,5,4,1,5,3,3,2,1,3,4,4,3,5,2,4,2,4,5,4,2,4,3,1,4,3,3,3,4,5,4,4,3,1,2,5,3,5,5,3,3,2,4,5,3,3,4,4,2,3,4,1,3,3,2,5,5,3,2,2,3,4,2,4,2,3,5,2,2,2,5,4,1,3,1,4,3
